English,Igbo
the,oseihe nwoke
of,nke
to,ka
and,na
a,a
in,n'ime
is,ibu
it,ya
you,gi
that,nkaa
he,ya
was,bu
for,nke
on,inwu
are,ibu
with,na
as,di ka
I,Ice
his,ya
they,ha
be,ibu
at,na
one,otu
have,inwe
this,nke a
from,site na
or,ma ọ bụ
had,inwe
by,site
not,adighi
word,mkpuruokwu
but,mana
what,Kedu
some,ufodu
we,anyi
can,inwe ike
out,anoghi
other,nke ozo
were,nọ
all,dum
there,Ebe ahụ
when,mgbe ole
up,elu
use,mwere
your,nke gi
how,Kedu
said,achicha kwuru
an,onye
each,otu n'ime
she,o
which,nke
do,ime
their,nke
time,oge
if,o buru na
will,uche
way,uzo
about,maka
many,keotutu
then,mgeahu
them,ha
write,ide dee
would,ga-
like,di ka
so,so
these,ndi a
her,ya
long,keogologo
make,ime
thing,ihe
see,ile
him,ya
two,abuo
has,inwe
look,ile anya
more,Ọzọ
day,isi ututu
could,ikwere
go,iga
come,bia
did,mere
number,onuogugu
sound,uda
no,mba
most,ufodu
people,ndi mmadu
my,nke m
over,foduru
know,ima ihe
water,mmiri
than,ka
call,okpukpo
first,kembu
who,WHO
may,mee
down,ala
side,akuku
been,ibu
now,ugbua
find,icho
any,keobula
new,ohuru
work,oru
part,nkewa
take,iburu
get,inwe
place,dowe
made,mere
live,kendu
where,ebe
after,nsote
back,azu
little,keobere
only,so
round,gburugburu
man,nwoke
year,afo
came,bia
show,izi
every,obula
good,keoma
me,mu
give,inye
our,nke anyi
under,n'okpuru
name,aha
very,ukwu
through,truu
just,sonso
form,odidi
sentence,ahiriokwu
great,keuwu
think,icho
say,kwuoo
help,Enyemaka
low,kediala
line,akara
differ,iche
turn,okporouzo
cause,mkpatara
much,ukwuu
mean,putara
before,tupu
move,inoghari
right,nke imete
boy,nwata nwoke
old,ika nka
too,kwa
same,nke ibuotu
tell,ikuzi
does,ime
set,set
three,ato
want,icho
air,ikuku
well,mmezi mma
also,nakwa
play,gwuria
small,nke ntakiri
end,nkwusi
put,dote
home,ulo
read,guo
hand,aka
port,onu mmiri
large,keibu
spell,kpoo
add,igbako
even,kwa
land,nlodata
here,Ebe a
must,ga
big,nnukwu
high,keelu
such,dika
follow,iso
act,ime emume
why,gini
ask,iju
men,nwoke
change,igbanwe
went,jere
light,kemfe
kind,keobioma
off,igbanyu
need,mkpa
house,ulo
picture,esemese
try,trai
us,anyi
again,ozo
animal,anu ohia
mother,nne
world,eluuwa
near,nso
build,iru
self,nke onye
earth,ala
father,nna
head,isi
stand,guzo
own,nke
page,ihuakwukwo
should,ga
country,obodo
found,ahuru
answer,iza
school,uloakwukwo
grow,ibu ibu
study,imu
still,stiif
learn,imu ihe
plant,kuo
cover,mkpuchi
food,nri
sun,anwu
four,ano
between,n'etiti
state,onodu
keep,idebe
eye,anya
never,emeghi
last,keikpeazu
let,ikwere
thought,uche
city,obodo
tree,osisi
cross,uhie
farm,oru ubi
hard,siri ike
start,ibido inya moto
might,ike
story,akukoifo
saw,ikwo
far,kento aka
sea,osimiri
draw,ise
left,keekpe
late,abiaghi n'oge
run,igbaoso
don't,ejikwala
while,mgbe
press,nke edere ede
close,mechie
night,uchichi
real,nke anyahuru
life,ndu
few,obere
north,ugwu
open,meghe
seem,idika
together,otuebe
next,Osote
white,ucha
children,umuaka
begin,ibido
got,inwe
walk,iga
example,omuma atu
ease,mfe
paper,akwukwo
group,otu
always,mgbe dum
music,uneghune
those,ndi ahu
both,ha abuo
mark,akara
often,otutu mgbe
letter,leta
until,tutuu
mile,maili
river,osimiri
car,obere ugboala
feet,ukwu
care,nlezi
second,sekon
book,akwukwo
carry,ibu
took,were
science,sayensi
eat,iri
friend,enyi
began,bido
idea,echiche
fish,azu
mountain,ugwu
stop,Kwụsị
once,otu mgbe
base,isi
hear,inu ihe
horse,inyinya
cut,igbuji
sure,nke ndabere
watch,mgbe
color,agba
face,ihu
wood,osisi
main,keisi
enough,izu oke
plain,nke esighi ike nighota
girl,nwata nwaanyi
usual,otutu mgbe
young,keetghieto
ready,ke njikere
above,karia
ever,mgbedum
red,uhie
list,ilisti
though,doo
feel,imetuta
talk,ikwu
bird,nunu
soon,ogeeteghianya
body,ahu
dog,nkita
family,ezi na ulo
direct,izi uzo
pose,posu
leave,ipa ihapu
song,abu
measure,mesho
door,uzo
product,ihe emeputara ohuru
black,oji
short,mkpirisi
numeral,onuogugu
class,udi
wind,ufereoyi
question,ajuju
happen,ime eme
complete,imecha
ship,ship
area,uzo
half,keokara
rock,okute
order,usoro oru
fire,oku
south,ndida
problem,nsogbu
piece,ibe
told,gosiri
knew,mara
pass,gaa njem
since,kemgbe
top,elu ugwu
whole,keuju
king,eze
space,eluuwa
heard,nuru
best,okacka mma
hour,oge
better,nke ka mma
TRUE,Ke eziokwu
during,n'oge
hundred,nari
five,ise
remember,icheta
step,izo
early,n'oge
hold,ijide
west,odida anyanwu
ground,ala
interest,mmasi
reach,rute
fast,osooso
verb,ngwaa
sing,ibu
listen,ige nti
six,isii
table,okpokoro
travel,ijenjem
less,Mpekarị
morning,ututu
ten,iri
simple,nke enweghiaghugho
several,otutu
vowel,udaume
toward,iji
war,agha
lay,iyi akwa
against,mbuso
pattern,nsoro
slow,emesighiiheike
center,etiti
love,ihunaanya
person,onye
money,ego
serve,ijeozi
appear,iputa
road,okporouzo
map,maapu
rain,mmiri ozuzo
rule,iwu
govern,ichi achu
pull,Dọọ
cold,oyi
notice,nkwuputa
voice,olu
unit,unit
power,ike
town,obodo
fine,iwu
certain,keamaaama
fly,ife efe
fall,ida ada
lead,izizi
cry,akwa
dark,itiri
machine,machiini
note,dee
wait,chere
plan,plan
figure,odidi ahu
star,kpakpondo
box,akpati
noun,aha
field,fiilidi
rest,nzuike
correct,imaaki
able,inwe ike
pound,suo suo
done,emela
beauty,mma
drive,inya
stood,guzoro
contain,ijido
front,keihu
teach,izi
week,wiik
final,nke ikpeazu
gave,nyere
green,griin
oh,ooh
quick,ngwa
develop,imepe
ocean,osimiri
warm,keikpo oku
free,inwere enwe
minute,nke ntakiri
strong,ike
mind,uche
behind,azu
clear,agwa idiocha
tail,odudu
produce,mepụta
fact,mmereme
street,striit
inch,inch
multiply,mubaa
nothing,ihe efu
course,koosu
stay,nodu
wheel,wiil
full,juju
force,ike ike
blue,bluu
object,iju
decide,ikpebi
surface,elu
deep,keomimi
moon,onwa
island,nno na mmiri
foot,ukwu
system,sistem
busy,keigbambo
test,inwa
record,ndeko ego
boat,ugbo mmiri
common,komon
gold,gooldu
possible,ipu omume
plane,plane
stead,rida
dry,okponku
wonder,ntunnanya
laugh,ichi ochi
thousand,puku
ago,oge gara aga
ran,gbaa
game,egwuruegwu
shape,udi
equate,ohiha
hot,oku
miss,igafe ihe
brought,welie
heat,ekpomooku
snow,sinoo
tire,ngwumike
bring,iwete
yes,okwukwe
distant,kentoanya
fill,imeju
east,owuwa anyanwu
paint,agba
language,asusu
among,n'etiti
grand,kwa
ball,bowi
yet,ma
wave,fee
drop,idebe
heart,obi
am,bu
present,ino mgbe ihe mere
heavy,kedi aru
dance,egwu
engine,enjin
position,okwa
arm,mpata ukwu
wide,obodobo
sail,napu ugbo
material,mgwooru
size,saiz
vary,igbanwe
settle,idozi
speak,kwuo
weight,aro
general,jenaral
ice,ais
matter,okwu
circle,gburugburu
pair,abuo
include,isonye
divide,ike
syllable,syllable
felt,obi
perhaps,eleghi anya
pick,ghota
sudden,nke mberede
count,igu onu
square,skware
reason,ucheobi
length,ogologo
represent,inochi
art,nka
subject,sobjekiti
region,obodo
energy,ike
hunt,ichu nta
probable,puru omume
bed,akwa
brother,nwanne nwoke
egg,akwa
ride,okwukwo moto
cell,seelu
believe,ikwe ekwe
fraction,ngaazu
forest,ohia
sit,inodu
race,oso
window,windo
store,storaji
summer,soma
train,tren
sleep,ura
prove,ziputa
lone,ime
leg,ukwu
exercise,igbati ahu
wall,mgbaaja
catch,gbute
mount,ugwu
wish,chee
sky,eluigwe
board,iba
joy,obiuto
winter,winta
sat,sat
written,nke edere
wild,azughiazu
instrument,nkwa egwu
kept,derara
glass,glaasi
grass,ahihia
cow,ehi
job,oru
edge,onu
sign,ruaka
visit,obia
past,agafego
soft,juu
fun,anuru
bright,nchapu
gas,gaasi
weather,udidiubochi
month,otu onwa n'ime ato
million,nde
bear,biya
finish,imecha
happy,keobi anuri
hope,nchekwube
flower,fulawa
clothe,ikwa akwa
strange,nke mgbagojuanya
gone,aga
jump,ima elu
baby,nwata
eight,asato
village,vileji
meet,zuko
root,mgborogwu
buy,izu
raise,inako ego
solve,isa
metal,metal
whether,ma
push,Kwaa
seven,Asaa
paragraph,amaokwu
third,nke ato
shall,ga
held,keegosi
hair,aji ahu
describe,ikowa
cook,isi nri
floor,ala ulo
either,ma obu
result,rizootu
burn,ire
hill,ugwu
safe,nkeenweghinsogbu
cat,pusi
century,nariafo
consider,itule
type,udi
law,iwu
bit,igwe inyinya
coast,akuku mmiri
copy,kopi
phrase,nkebokwu
silent,nke ekwughiokwu
tall,ogologo
sand,aja
soil,ala
roll,rolu pepa
temperature,temperacho
finger,mkpisi aka
industry,ndostri
value,baa uru
fight,ogu
lie,imakpu
beat,uda
excite,amaghi ka odi
natural,eke
view,ucheobi
sense,uche
ear,nti
else,ozo
quite,ezi
broke,keukpa
case,akpati
middle,etiti
kill,igbu
son,nwanwoke
lake,leeki
moment,ogenta
scale,nha
loud,keuzu
spring,spring
observe,leruoanya
child,nwata
straight,Kwụ ọtọ
consonant,mgbochiume
nation,ala
dictionary,nkowaokwu
milk,mmiri ara
speed,ngwangwa
method,nka imeihe
organ,ogan ahu
pay,ugwo
age,igba afo
section,ngalaba
dress,inyi akwa
cloud,urupuru
surprise,mberede
quiet,ida juu
stone,okute
tiny,kentakiri
climb,inyielu
cool,kenwayo
design,imewe
poor,emezighi
lot,otutu
experiment,eksperimenti
bottom,ukwu
key,kii
iron,igwe
single,otu
stick,mkpisi
flat,ohiha
twenty,iri abuo
skin,anuahu
smile,ichi
crease,itetosi
hole,onu
trade,izu ahia
melody,oluegwu
trip,njem
office,onodu
receive,naputa
row,ahiri
mouth,onu
exact,kpom kwem
symbol,adimara
die,inwu
least,kacha peempe
trouble,nsogbu
shout,itimkpu
except,na beluso
wrote,dere
seed,mkuruosisi
tone,udaolu
join,iso
suggest,ịkwaego
clean,nkeocha
break,ezumike
lady,agboghobia
yard,yad
rise,ibili
bad,ajo
blow,igbu
oil,ite mmanu
blood,obara
touch,imetuaka
grew,toro
cent,mkpi
mix,gwakota
team,tim
wire,waya
cost,ida onu
lost,kemfulahu
brown,brawu
wear,yiri
garden,gadin
equal,nhara
sent,zitere
choose,ihoro
fell,daa
fit,ima mma
flow,igba
fair,ditu mma
bank,ulo aku
collect,iweta
save,zoputa
control,ike nchikota
decimal,vimalin
gentle,keumeala
woman,nwaanyi
captain,onya ugbo
practice,omume
separate,nke iweputa
difficult,isiike
doctor,dibia bekee
please,Biko
protect,chegide
noon,ehihie
whose,onye
locate,ichoputa
ring,igbaolaka
character,agwa
insect,ahuhu
caught,jidesie
period,oge
indicate,igosi
radio,redio
spoke,kwuru
atom,aatom
human,mmadu
history,aguguala
effect,mputara
electric,eletiriiki
expect,n'obi
crop,akuku
modern,nke ugbua
element,mmewere
hit,iti
student,nwaakwuko nwoke
corner,akuku
party,otu
supply,mbunyeiheahia
bone,okpukpu
rail,okporo uzo ugboigwe
provide,weta
agree,ikwere
thus,dos
capital,ego
won't,agaghi
chair,oche
danger,Ihe egwu
fruit,mkpuru osisi
rich,uba
thick,keakwuliko
soldier,ami
process,otu esi emeputa ihe
operate,igwo
guess,iche eche
necessary,idi mkpa
sharp,nke dinko
wing,nkunnunu
create,ike
neighbor,onyeagbataobi
wash,suo
bat,usu
rather,msorobi
crowd,igwurube mmadu
corn,ọka
compare,itulerita
poem,abu
string,eriri
bell,mgbirigba
depend,idabe
meat,anu anu
rub,tee
tube,tub
famous,keomuma
dollar,dollar
stream,iyi
fear,ujo
sight,anya
thin,girigiri
triangle,triangul
planet,planet
hurry,me osooso
chief,chiifu
colony,ochichi ike
clock,klook
mine,ogbunigwe ndisoja na-eli
tie,tie
enter,iba
major,mejo
fresh,ohuru
search,ochucho
send,zipu
yellow,odoodo
gun,egbe
allow,ikwere
print,deputa
dead,onwu
spot,ntupo
desert,ikpa
suit,uwe
current,korenti mmiri
lift,inwego
rose,okookoosisi rosu
continue,isochi
block,mgbochi
chart,chaati
hat,okpu
sell,ree
success,oganihu
company,nsoro
subtract,iwepu wepu
event,mmeeme
particular,igbaiche
deal,mmesiike
swim,gwuo
term,tem
opposite,nke ozo
wife,nwunye
shoe,akpukpoukwu
shoulder,ubuaka
spread,kesaa
arrange,ikwado
camp,kampu
invent,cheputa
cotton,kotin
born,keomumu
determine,igba mbo
quart,rịanụ
nine,toolu
truck,trok
noise,mkpotu
level,ukelarii
chance,oge
gather,zukota
shop,shop
stretch,igbati
throw,itu
shine,onwunwu
property,aku
column,nkwadoulo
molecule,molekule
select,ighoputa
wrong,keadabaghi
gray,awo
repeat,imekwa
require,icho
broad,n'uju
prepare,jikere
salt,nnu
nose,imi
plural,idi otutu
anger,iwe
claim,Mgbarakwa
continent,kontinenti
oxygen,oksigin
sugar,suga
death,onwu
pretty,ima mma
skill,nka
season,sizen
solution,osisa
magnet,magnet
silver,silva
thank,ikele
branch,mpalaga osisi
match,iha aha
suffix,njuputa
especially,tumadu
fig,fig
afraid,keujo
huge,ibu
sister,nwannenwaanyi
steel,stiil
discuss,ikpa maka
forward,n'ihu
similar,iyi
guide,izi ozizi
experience,ahumihe
score,Akara
apple,apụl
bought,zuo
led,dudu
pitch,okwa olu
coat,ahuanu
mass,uka
card,kaadi
band,bandi
rope,eriri
slip,slipu
win,imeri
dream,iro nro
evening,mgbede
condition,onodu
feed,oriri
tool,ngwa oru
total,kemgbakota
basic,nke nkiti
smell,isi
valley,ndagwurugwu
nor,ma ha
double,mkpi
seat,okwa
arrive,ilota
master,nna ukwu
track,trakt
parent,nne na nna
shore,onummiri
division,nkewa
sheet,akwandina
substance,umi
favor,mmenyere
connect,ijiko
post,osisi
spend,imefuego
chord,mmagba
fat,abuba
glad,obiuto
original,nke mbido
share,ike
station,ebe ugboigwe na-ano
dad,nna
bread,achicha
charge,ijali
proper,kwesiri ekwesi
bar,mgbochi
offer,mmere
segment,nke
slave,ohu nwaanyi
duck,ọbọgwụ
instant,ozugbonje
market,ahia
degree,digirii
populate,roputa
chick,igbu gburu aja
dear,nke oma
enemy,onye iro
reply,iza
drink,inu
occur,ino
support,onyenjideaka
speech,okwuonu
nature,agwa
range,renji
steam,uzuoku
motion,ukporo
path,uzo ndiji ukwu eje
liquid,kemmiri
log,loogu
meant,putara
quotient,isi ihe
teeth,ezé
shell,shei
neck,olu
ask,iju
need,mkpa
too,kwa
feel,imetuta
three,ato
state,onodu
never,emeghi
between,n'etiti
high,keelu
really,nke nsiridi
something,a
most,ufodu
another,keozo
much,ukwuu
family,ezi na ulo
own,nke
leave,ipa ihapu
put,dote
old,ika nka
while,mgbe
mean,putara
keep,idebe
student,nwaakwuko nwoke
why,gini
let,ikwere
great,keuwu
same,nke ibuotu
big,nnukwu
group,otu
begin,ibido
seem,idika
country,obodo
help,Enyemaka
talk,ikwu
where,ebe
turn,okporouzo
problem,nsogbu
every,obula
start,ibido inya moto
hand,aka
might,ike
American,Onye Amerika
show,izi
part,nkewa
against,mbuso
place,dowe
such,dika
again,ozo
few,obere
case,akpati
week,wiik
company,nsoro
system,sistem
each,otu n'ime
right,nke imete
program,atumatu
hear,inu ihe
question,ajuju
during,n'oge
play,gwuria
government,ochuchu
run,igbaoso
small,nke ntakiri
number,onuogugu
off,igbanyu
always,mgbe dum
move,inoghari
night,uchichi
live,kendu
Mr,M ukwu
point,onu
believe,ikwe ekwe
hold,ijide
today,taa
bring,iwete
happen,ime eme
next,Osote
without,n'akuku
before,tupu
large,keibu
million,nde
must,ga
home,ulo
under,n'okpuru
water,mmiri
room,mkpuru
write,ide dee
mother,nne
area,uzo
national,nkeobodo
money,ego
story,akukoifo
young,keetghieto
fact,mmereme
month,otu onwa n'ime ato
different,ndiiche
lot,otutu
study,imu
book,akwukwo
eye,anya
job,oru
word,mkpuruokwu
though,doo
business,ahia ozuzu
issue,inye
side,akuku
kind,keobioma
four,ano
head,isi
far,kento aka
black,oji
long,keogologo
both,ha abuo
little,keobere
house,ulo
yes,okwukwe
since,kemgbe
provide,weta
service,nnyemaka
around,n'uzo
friend,enyi
important,keuru
father,nna
sit,inodu
away,opupu
until,tutuu
power,ike
hour,oge
game,egwuruegwu
often,otutu mgbe
yet,ma
line,akara
political,nke ochichi
end,nkwusi
among,n'etiti
ever,mgbedum
stand,guzo
bad,ajo
lose,ida
however,mana
member,otu
pay,ugwo
law,iwu
meet,zuko
car,obere ugboala
city,obodo
almost,ofokwa
include,isonye
continue,isochi
set,set
later,n'ikeazu
community,obodo
name,aha
five,ise
once,otu mgbe
white,ucha
least,kacha peempe
president,onye ochichi ala
learn,imu ihe
real,nke anyahuru
change,igbanwe
team,tim
minute,nke ntakiri
best,okacka mma
several,otutu
idea,echiche
kid,nwata
body,ahu
information,ihe ogwugwa
nothing,ihe efu
ago,oge gara aga
lead,izizi
social,nke otu
understand,ighota
whether,ma
watch,mgbe
together,otuebe
follow,iso
parent,nne na nna
stop,Kwụsị
face,ihu
anything,ihe obula
create,ike
public,nke oha
already,ugbua
speak,kwuo
others,ndi ozo
read,guo
level,ukelarii
allow,ikwere
add,igbako
office,onodu
spend,imefuego
door,uzo
health,ahu ike
person,onye
art,nka
sure,nke ndabere
war,agha
history,aguguala
party,otu
within,nime
grow,ibu ibu
result,rizootu
open,meghe
morning,ututu
walk,iga
reason,ucheobi
low,kediala
win,imeri
research,resaachi
girl,nwata nwaanyi
guy,ndi mmadu
early,n'oge
food,nri
moment,ogenta
himself,onwegh
air,ikuku
teacher,onyenkuzi nwoke
force,ike ike
offer,mmere
enough,izu oke
education,mmuta
across,uhie
although,n'agbanyego
remember,icheta
foot,ukwu
second,sekon
boy,nwata nwoke
maybe,enwere ike
toward,iji
able,inwe ike
age,igba afo
policy,amuma agwa
everything,ihe obula
love,ihunaanya
process,otu esi emeputa ihe
music,uneghune
including,na nsonye
consider,itule
appear,iputa
actually,n'eziokwu
buy,izu
probably,inwe ike ime
human,mmadu
wait,chere
serve,ijeozi
market,ahia
die,inwu
send,zipu
expect,n'obi
sense,uche
build,iru
stay,nodu
fall,ida ada
oh,ooh
nation,ala
plan,plan
cut,igbuji
college,koleeji
interest,mmasi
death,onwu
course,koosu
someone,mmadu
experience,ahumihe
behind,azu
reach,rute
local,ebeulo
kill,igbu
six,isii
remain,inoro
effect,mputara
yeah,ee
suggest,ịkwaego
class,udi
control,ike nchikota
raise,inako ego
care,nlezi
perhaps,eleghi anya
late,abiaghi n'oge
hard,siri ike
field,fiilidi
else,ozo
pass,gaa njem
former,kembu
sell,ree
major,mejo
sometimes,mgbeufodu
require,icho
along,gologo uzo
development,mmepe
report,repot
role,oru
better,nke ka mma
economic,ekonomik
effort,mbo
decide,ikpebi
rate,egoahia
strong,ike
possible,ipu omume
heart,obi
drug,ogwu
leader,onye ochichi
light,kemfe
voice,olu
wife,nwunye
whole,keuju
police,ndi uweojii
mind,uche
finally,n'ikpaazu
pull,Dọọ
return,ibia
free,inwere enwe
military,ami
price,ego ozuzu
less,Mpekarị
according,dika
decision,mkpebi
explain,ikowa
son,nwanwoke
hope,nchekwube
develop,imepe
view,ucheobi
relationship,ndi mmekorita
carry,ibu
town,obodo
road,okporouzo
drive,inya
arm,mpata ukwu
TRUE,Ke eziokwu
federal,keetiti
break,ezumike
difference,ndimiiche
thank,ikele
receive,naputa
value,baa uru
international,ozuruuwa
building,ulo
action,emereme
full,juju
model,mogosi
join,iso
season,sizen
society,otu
tax,tax
director,daireto
position,okwa
player,onye ejije nwoke
agree,ikwere
especially,tumadu
record,ndeko ego
pick,ghota
wear,yiri
paper,akwukwo
special,nke puruiche
space,eluuwa
ground,ala
form,odidi
support,onyenjideaka
event,mmeeme
official,nke okwa
whose,onye
matter,okwu
everyone,onye obula
center,etiti
couple,di na nwunye
site,sanet
project,arumaru
hit,iti
base,isi
activity,mmume
star,kpakpondo
table,okpokoro
court,kootu
produce,mepụta
eat,iri
teach,izi
oil,ite mmanu
half,keokara
situation,onodu
easy,mfe
cost,ida onu
industry,ndostri
figure,odidi ahu
street,striit
image,oyiyi
itself,ofu
phone,Ekwentị
either,ma obu
data,data
cover,mkpuchi
quite,ezi
picture,esemese
clear,agwa idiocha
practice,omume
piece,ibe
land,nlodata
recent,ohuru
describe,ikowa
product,ihe emeputara ohuru
doctor,dibia bekee
wall,mgbaaja
patient,inwe ndidi
worker,onyeoru nwoke
news,ububo
test,inwa
movie,muvi
certain,keamaaama
north,ugwu
personal,nke mmadu
simply,maka imeidonaya
third,nke ato
technology,teknoloji
catch,gbute
step,izo
baby,nwata
computer,komputa
type,udi
attention,ige nti
draw,ise
film,fiim
Republican,Repoblican
tree,osisi
source,nsiputa
red,uhie
nearly,oforontakiri
organization,oganizashion
choose,ihoro
cause,mkpatara
hair,aji ahu
century,nariafo
evidence,akaebe
window,windo
difficult,isiike
listen,ige nti
soon,ogeeteghianya
culture,omenaala
billion,njeri
chance,oge
brother,nwanne nwoke
energy,ike
period,oge
summer,soma
realize,mgbanuuche
hundred,nari
available,kediadi
plant,kuo
likely,kwesiri
opportunity,ndaba
term,tem
short,mkpirisi
letter,leta
condition,onodu
choice,mmasi
single,otu
rule,iwu
daughter,nwa nwaanyi
administration,ochichi
south,ndida
husband,di
Congress,Nzuko
floor,ala ulo
campaign,kampeenu
material,mgwooru
population,nguputa mmadu
economy,aku
medical,keogwu
hospital,ulo ogwu
church,uka
close,mechie
thousand,puku
risk,ihe na-eweta njo
current,korenti mmiri
fire,oku
future,odiniihu
wrong,keadabaghi
involve,ighasa
defense,ozize
anyone,onye obula
increase,mmubanye
security,onye akaebe
bank,ulo aku
myself,enwe kwa
certainly,amaaama
west,odida anyanwu
sport,egwuregwu
board,iba
seek,choo
per,par
subject,sobjekiti
officer,okwa soja
private,abughi nke oha
rest,nzuike
behavior,agwa
deal,mmesiike
performance,emume ngosi
fight,ogu
throw,itu
top,elu ugwu
past,agafego
goal,ebumnobi
bed,akwa
order,usoro oru
author,odee
fill,imeju
represent,inochi
focus,ike ele anya
foreign,forin
drop,idebe
blood,obara
upon,n'elu
agency,ulo ozi
push,Kwaa
nature,agwa
color,agba
recently,oge na-adighi anya
store,storaji
reduce,medata
sound,uda
note,dee
fine,iwu
near,nso
movement,ije
page,ihuakwukwo
enter,iba
share,ike
common,komon
poor,emezighi
natural,eke
race,oso
concern,mgbasa
series,nsorosoro
significant,nke dimkpa
similar,iyi
hot,oku
language,asusu
usually,mgbedum
response,aziza
dead,onwu
rise,ibili
animal,anu ohia
factor,ihe
decade,afo iri
article,edide
shoot,gbaa
east,owuwa anyanwu
save,zoputa
seven,Asaa
artist,omenka
scene,n'ebe anya
stock,stok
career,oru
despite,n'agbanyeghi
central,keetiti
eight,asato
thus,dos
treatment,mmesiike
beyond,ngafe
happy,keobi anuri
exactly,dam
protect,chegide
approach,ibia nso
lie,imakpu
size,saiz
dog,nkita
fund,ego oru
serious,nke isiike
occur,ino
media,ntaakuko
ready,ke njikere
sign,ruaka
thought,uche
list,ilisti
individual,kemmadu
simple,nke enweghiaghugho
quality,mma
pressure,okwukwa
accept,nabata
answer,iza
resource,onye nju
identify,irugosi
left,keekpe
meeting,nzuko
determine,igba mbo
prepare,jikere
disease,oria
whatever,otuodila
success,oganihu
argue,iru uko
cup,iko
particularly,nke gbaraiche
amount,ego
ability,ike
staff,onyeoru
recognize,mara
indicate,igosi
character,agwa
growth,ibu
loss,mfulahu
degree,digirii
wonder,ntunnanya
attack,ibuso agha
herself,onwe ya
region,obodo
television,televishion
box,akpati
training,ozuzu oru
pretty,ima mma
trade,izu ahia
election,nhoputa
everybody,onye obula
physical,fisikal
lay,iyi akwa
general,jenaral
feeling,mmetuta
standard,standadi
bill,iwu
message,ozi
fail,ida
outside,n'ilo
arrive,ilota
analysis,nseke
benefit,iba uru
sex,seks
forward,n'ihu
lawyer,okiikpe
present,ino mgbe ihe mere
section,ngalaba
environmental,gburugburu ebe obibi
glass,glaasi
skill,nka
sister,nwannenwaanyi
PM,Pm
professor,okammuta nwoke
operation,iwu ihe
financial,keego
crime,mpu
stage,ogbo
ok,Ọ dị mma
compare,itulerita
authority,onye isi
miss,igafe ihe
design,imewe
sort,sot
act,ime emume
ten,iri
knowledge,mmuta
gun,egbe
station,ebe ugboigwe na-ano
blue,bluu
strategy,strateji
clearly,n'ụzọ doro anya
discuss,ikpa maka
indeed,eziokwu
truth,eziokwu
song,abu
example,omuma atu
democratic,keochichi ndi nkiti
check,nleru anya
environment,agbata
leg,ukwu
dark,itiri
various,iche iche
rather,msorobi
laugh,ichi ochi
guess,iche eche
executive,ezekutiv
prove,ziputa
hang,ikowe
entire,iba
rock,okute
forget,ichefu
claim,Mgbarakwa
remove,iwepu
manager,onyeisi oru
enjoy,obi anuri
network,netwok
legal,keiwu
religious,nke okwukwe
cold,oyi
final,nke ikpeazu
main,keisi
science,sayensi
green,griin
memory,n'isi
card,kaadi
above,karia
seat,okwa
cell,seelu
establish,igosi
nice,mma
trial,ikpe
expert,dioka
spring,spring
firm,kechim
Democrat,Ekwuroala
radio,redio
visit,obia
management,maneeji
avoid,igbochi
imagine,ka ewere
tonight,abalita
huge,ibu
ball,bowi
finish,imecha
yourself,gi onwe gi
theory,tiori
impact,mmekuta
respond,ikwu
statement,okwukwu
maintain,ilekwa anya
charge,ijali
popular,nke zuruoha
traditional,keodinaala
onto,oto
reveal,ikpugbe
direction,uzo
weapon,ngwa ogu
employee,onye eweere n'oru
cultural,ke omena ala
contain,ijido
peace,udo
pain,mgbu
apply,ide
measure,mesho
wide,obodobo
shake,ikwanye
fly,ife efe
interview,ajuju oru
manage,imaneeji
chair,oche
fish,azu
particular,igbaiche
camera,kamera
structure,ndoko
politics,ochichi
perform,igosi
bit,igwe inyinya
weight,aro
suddenly,na mberede
discover,ichoputa
candidate,nwa akwukwo
production,ihe mmeputa
treat,treet
trip,njem
evening,mgbede
affect,imetu
inside,keime
conference,nzuko
unit,unit
style,akanka
adult,keokorobia
worry,icheche
range,renji
mention,mkpotu
deep,keomimi
edge,onu
specific,spesifik
writer,odee nwoke
trouble,nsogbu
necessary,idi mkpa
throughout,truuaut
challenge,nruaka n'anya
fear,ujo
shoulder,ubuaka
institution,ewumewu
middle,etiti
sea,osimiri
dream,iro nro
bar,mgbochi
beautiful,oma
property,aku
instead,kama
improve,inwe oganiihu
stuff,stof
detail,nju
method,nka imeihe
somebody,a
magazine,magaziini
hotel,hoteelu
soldier,ami
reflect,chezie
heavy,kedi aru
sexual,seksual
bag,akpa
heat,ekpomooku
marriage,alumdi
tough,ikike
sing,ibu
surface,elu
purpose,ihe ebu n'obi mee ihe
exist,idi
pattern,nsoro
whom,onye
skin,anuahu
agent,ejenti
owner,nke nwanyi
machine,machiini
gas,gaasi
ahead,niihu
generation,ndudugandu
commercial,ulo ahia
address,ikwu okwu
cancer,kansa
item,ihe
reality,nsiridi
coach,onye koochi
Mrs,Oriakụ
yard,yad
beat,uda
violence,mmesiike
total,kemgbakota
tend,keotughi
investment,ntinye ego
discussion,mkparita uka
finger,mkpisi aka
garden,gadin
notice,nkwuputa
collection,mweta
modern,nke ugbua
task,ozi
partner,onyenrukooru nwoke
positive,nke oma
civil,uloetiti
kitchen,kichin
consumer,onye na-eri ahia
shot,ogbugba
budget,ihe ozuzu
wish,chee
painting,eterete
scientist,sayentist nwoke
safe,nkeenweghinsogbu
agreement,nkwekorita
capital,ego
mouth,onu
nor,ma ha
victim,nwaanyi ihe meturu
newspaper,akwukwo akuko uwa
threat,mmenyeujo
responsibility,okwa inwalee
smile,ichi
attorney,atonii
score,Akara
account,akwukwo nkowa ego
interesting,kemmasi
audience,ndi nkiri
rich,uba
dinner,nri abali
vote,votu
western,keodida anyanwu
relate,iko
travel,ijenjem
debate,igbagha
prevent,gbochie
citizen,onye obodo
majority,otutu
none,onweghi
front,keihu
born,keomumu
admit,inabata
senior,nke toro
assume,iche
wind,ufereoyi
key,kii
professional,nke gbasara aka oru
mission,ozi
fast,osooso
alone,so ya
customer,onye ahia
suffer,itaahuhu
speech,okwuonu
successful,nke iganihu
option,mghoro
participant,nwaanyi osoibe
southern,nke ndida
fresh,ohuru
eventually,n'ikpeazu
forest,ohia
video,vidio
global,uwa
Senate,Onye isi
reform,mmezi
access,uzo
restaurant,restoranti
judge,ikpezi
publish,biputa
relation,ikwu nwaanyi
release,iheeweputara
bird,nunu
opinion,uche
credit,n'aka
critical,kennyocha
corner,akuku
concerned,omuma ndi
recall,icheta
version,veshion
stare,leezii
safety,nzerendo
effective,keoru oma
neighborhood,agbataobi
original,nke mbido
troop,ndi
income,ugwoonwa
directly,kpọmkwem
hurt,mmekuta
species,udi
immediately,ozugbo
track,trakt
basic,nke nkiti
strike,iku
sky,eluigwe
freedom,nnwereonwe
plane,plane
nobody,onweghi onye
achieve,imeta
object,iju
attitude,kasirihu
labor,ime omume
refer,tuo aka
client,odeakwukwo nwaanyi
powerful,nke di ike
perfect,zuruoke
nine,toolu
therefore,makankeahu
conduct,izi uzo
announce,igwa
conversation,ububo
examine,ile ule
touch,imetuaka
please,Biko
attend,iga
completely,kpamkpam
variety,mgwaghari
sleep,ura
involved,iso
investigation,nchoputa
nuclear,nukia
researcher,onye nnyocha
press,nke edere ede
conflict,ndokorita
spirit,mmuo
replace,idochi
British,Ndi isi akuko
encourage,ijaliobi
argument,arumaru
camp,kampu
brain,uburu
feature,mma
afternoon,ehihi
AM,Bu
weekend,wiikendi
dozen,iri na abuo
possibility,ihe puru omume
insurance,inshooransi
department,mpaghara
battle,agha
beginning,mbido
date,deeti
generally,jenaral
African,Onye Afirika
sorry,ndo
crisis,orurugbana
complete,imecha
fan,onye ofufe
stick,mkpisi
define,ikowasi
easily,mfe
hole,onu
element,mmewere
vision,vishion
status,nkwuru
normal,nke kwesiri
Chinese,Ndi China
ship,ship
solution,osisa
stone,okute
slowly,nwayo nwayo
scale,nha
university,univasiti
introduce,idubata
driver,diraiva
attempt,mnwale
park,dokota
spot,ntupo
lack,enweghi
ice,ais
boat,ugbo mmiri
drink,inu
sun,anwu
wood,osisi
handle,aka
truck,trok
mountain,ugwu
survey,sofia
supposed,kwesiri
tradition,odinaala
winter,winta
village,vileji
Soviet,Soviet
refuse,ekwela
sales,ahia
roll,rolu pepa
communication,nzikorita ozi
screen,sikreen
gain,uru
resident,residenti nwaanyi
hide,izo ezo
gold,gooldu
club,osisi
farm,oru ubi
potential,ike mmeputa
European,Keiroopu
presence,nonyere
independent,kennoroonwe
district,distrikt
shape,udi
reader,ogu akwukwo nwoke
Ms,Ms
contract,nsuko
crowd,igwurube mmadu
Christian,Onyeuka kraisti
express,ikwuputa obi
apartment,ulo
willing,keikweme
strength,agbamume
previous,nke mgbe gara aga
band,bandi
obviously,igbanihe
horse,inyinya
interested,mmasị
target,taget
prison,ulo nkporo
ride,okwukwo moto
guard,uzo nchedo
terms,Okwu
demand,ina
reporter,repota nwaanyi
deliver,iwegara
text,nsiride
tool,ngwa oru
wild,azughiazu
vehicle,ugbo
observe,leruoanya
flight,njem ugbo elu
facility,ebe oru
understanding,kenghota
emerge,iputa
advantage,uru
quick,ngwa
leadership,ochichi
earn,irite
pound,suo suo
basis,ebe mbido
bright,nchapu
operate,igwo
guest,onye obia
sample,sampul
contribute,itu utu
tiny,kentakiri
block,mgbochi
protection,nchegide
settle,idozi
feed,oriri
collect,iweta
additional,kemgbako
highly,nkelakuelu
identity,njirimara
title,aha
mostly,ọkachasị
lesson,omumu ihe
faith,okwukwe
river,osimiri
promote,bufee n'okwa
living,ibi
count,igu onu
unless,ma
marry,ilu di
tomorrow,echi
technique,teknik
path,uzo ndiji ukwu eje
ear,nti
shop,shop
folk,ndiife
principle,prinsipul
survive,nwufo
lift,inwego
border,oke
competition,isompi
jump,ima elu
gather,zukota
limit,mgwucha
fit,ima mma
cry,akwa
equipment,ntinyere
worth,nkwesi
associate,onye otu
critic,onyenkuzi
warm,keikpo oku
aspect,akuku akuku
insist,isi onwu
failure,odida
annual,keafo
French,Ndi French
Christmas,Krisimaasi
comment,mchere
responsible,nke inwlee
affair,ihe omume
procedure,uzo esi eme ihe
regular,nke mgbedum
spread,kesaa
chairman,onyeisi oche
baseball,baketbal
soft,juu
ignore,ileghara anya
egg,akwa
belief,okwukwe
demonstrate,igosi
anybody,onye obula
murder,ogbugbu
gift,onyinye
religion,mkerechi
review,ntuleghari
editor,onye ndezi
engage,itinye onu
coffee,kọfị
document,dokumenti
speed,ngwangwa
cross,uhie
influence,ike onwunwe
anyway,uzo obula
threaten,imenyeujo
commit,ime
female,kenwaanyi
youth,mgbe okoroobia
wave,fee
afraid,keujo
quarter,nkeji keano
background,ndabere
native,nwaafo
broad,n'uju
wonderful,kentunnanya
deny,igo ago
apparently,otu o di
slightly,slaitili
reaction,mmegwara
twice,ugboabuo
suit,uwe
perspective,pespektivu
growing,nto ibu
blow,igbu
construction,mwube
intelligence,amamiihe
destroy,ime
cook,isi nri
connection,njikota
burn,ire
shoe,akpukpoukwu
grade,greedi
context,onodu
committee,komitii
hey,hey
mistake,mmejo
location,mchputa
clothes,akwa
Indian,Onye India Amerika
quiet,ida juu
dress,inyi akwa
promise,kwee nkwa
aware,ke mmata
neighbor,onyeagbataobi
function,oru oruru
bone,okpukpu
active,keomume
extend,igbati
chief,chiifu
combine,igwakota
wine,mmanya
below,n'okpuru
cool,kenwayo
voter,vootu
learning,imu ihe
bus,moto
hell,oku mmuo
dangerous,kedi egwu
remind,ichetara
moral,ikpa agwa
United,Kenjikota
category,udi udi
relatively,maka ikwu
victory,mmeri
academic,akadamiiki
Internet,Onnetnwansi
healthy,keji ahu
negative,nju
following,keosuso
historical,keakuko
medicine,ọgwụ
tour,njem
depend,idabe
photo,foto
finding,icho
grab,ijido
direct,izi uzo
classroom,klaasị
contact,omuma mmadu
justice,mkpezi
participate,soroibe
daily,ubochi dum
fair,ditu mma
pair,abuo
famous,keomuma
exercise,igbati ahu
knee,ikpere
flower,fulawa
tape,tep
hire,ihaya
familiar,mmatazu
appropriate,kendabanye
supply,mbunyeiheahia
fully,nke zuru oke
actor,omee
birth,omumu
search,ochucho
tie,tie
democracy,ochi di nkiti
eastern,ke owuwa anyanwu
primary,ika mkpa
yesterday,unyahu
circle,gburugburu
device,ihe eji emeihe
progress,oganiru
bottom,ukwu
island,nno na mmiri
exchange,mgbanwe
clean,nkeocha
studio,gara aga
train,tren
lady,agboghobia
colleague,onye otu
application,akwukwo icho oru
neck,olu
lean,dabere
damage,mmebi
plastic,plasitiki
tall,ogologo
plate,efere
hate,asi
otherwise,ma obughi otua
writing,odide
male,oke
alive,kendu
expression,mkwuputa obi
football,kobloba
intend,icho ime
chicken,ọkụkọ
army,ami
abuse,mkparia
theater,ekwuru
shut,igbachi
map,maapu
extra,mmezi
session,seshion
danger,Ihe egwu
welcome,nnabata
domestic,keulo
lots,loza
literature,agumagu
rain,mmiri ozuzo
desire,mmasi
assessment,ntule
injury,mmeru ahu
respect,nkwanye ugwu
northern,nke ugwu
nod,kwee iisi
paint,agba
fuel,fuelu
leaf,ahihia
dry,okponku
Russian,Russian
instruction,nkuzi
pool,puul
climb,inyielu
sweet,nke uto
engine,enjin
fourth,keano
salt,nnu
expand,imeba
importance,uru
metal,metal
fat,abuba
ticket,tiket
software,sofia
disappear,ifu efu
corporate,ulo oru
strange,nke mgbagojuanya
lip,egbugbereonu
reading,ogugu
urban,merban
mental,keisimgbaka
increasingly,na-ekwuwanye
lunch,nri ehihie
educational,agụmakwụkwọ
somewhere,ebeufodu
farmer,onye oru ubi
sugar,suga
planet,planet
favorite,nhuru n'anya
explore,njem ichoputa
obtain,kennata
enemy,onye iro
greatest,nke ukwuu
complex,dinuche
surround,igbagburugburu
athlete,onye supotu
invite,ikpo oku
repeat,imekwa
carefully,kpachara anya
soul,mmuo
scientific,sayentifik
impossible,ekweghi omume
panel,panel
meaning,nghota
mom,mama
married,keolulu
instrument,nkwa egwu
predict,buo amuma
weather,udidiubochi
presidential,onye ochichiisinu
emotional,kemmetuta obi
commitment,nkwa
Supreme,Nke nkacha
bear,biya
pocket,akpa efe
thin,girigiri
temperature,temperacho
surprise,mberede
poll,nghoputa
proposal,nkwunye
consequence,rizootu
breath,nkuru ume
sight,anya
balance,itule
adopt,ikporo
minority,onodu ntakiri
straight,Kwụ ọtọ
connect,ijiko
works,na-arụ ọrụ
teaching,izi ihe
belong,iso
aid,enyemaka
advice,ndumodu
okay,keokele
photograph,foto
empty,efu
regional,nke obodo
trail,treel
novel,novul
code,akara otu
somehow,otuodila
organize,kpokota
jury,juri
breast,ara
Iraqi,Iraqi
acknowledge,ikwupuru
theme,tiim
storm,ebilimmiri
union,mjikota
desk,oche
thanks,ekele
fruit,mkpuru osisi
expensive,kedionu
yellow,odoodo
conclusion,mmechi
prime,prime
shadow,onyinyo
struggle,ndoli
conclude,imechi
analyst,onye nleba anya
dance,egwu
regulation,iwu
being,ịbụ
ring,igbaolaka
largely,nke nta
shift,nnofega
revenue,ugwo
mark,akara
locate,ichoputa
county,kodi
appearance,mputa
package,ngwugwu
difficulty,nsiike
bridge,akwa
recommend,kwanye
obvious,gbaraihe
basically,ezi ihe
e-mail,e-mail
generate,igbanye
anymore,ozo
propose,kwuputa ihe achoro ime
thinking,icheta
possibly,nke puru omume
trend,igba
visitor,onyeobia nwoke
loan,mbinye ego
currently,oge ugbua
comfortable,kennotu
investor,itinye ego
profit,rite uru
angry,keiwe
crew,ndi oru ugbo
accident,oghom
meal,nri
hearing,nu ihe
traffic,trafik
muscle,anuaru
notion,ihembuuche
capture,ijido n'agha
prefer,choo karia
truly,nke nsiridi
earth,ala
Japanese,Kondonese
chest,akpatiigwe
thick,keakwuliko
cash,ego
museum,oba nkaokpu
beauty,mma
emergency,emajensii
unique,kepuruiche
internal,odiniime
ethnic,agbụrụ
link,omuma mmadu
stress,nsunoobi
content,ndinaya
select,ighoputa
root,mgborogwu
nose,imi
declare,ikwusa
appreciate,inye ekele
actual,kemereme
bottle,boturu
hardly,ihia aru
setting,mwube
launch,igba egbe
file,failu
sick,nke ahuesighiike
outcome,ndaputa
ad,edo
defend,ize eze
duty,oru
sheet,akwandina
ought,tota
ensure,ihu na emere
Catholic,Onye katoliki
extremely,kemgwucha
extent,oruru
component,anuahu
mix,gwakota
long-term,ogologo oge
slow,emesighiiheike
contrast,ndiiche
zone,nkebi
wake,teta
airport,ulo ugbo elu
brown,brawu
shirt,uwe
pilot,onyenaanya ugboelu
warn,iduodu
ultimately,n'ikpeazụ
cat,pusi
contribution,utu
capacity,ike
ourselves,n'onwe anyi
estate,ala ewu
guide,izi ozizi
circumstance,inwe onodu
snow,sinoo
English,Bekee
politician,onye ochichi
steal,izu
pursue,chuo
slip,slipu
percentage,n'ime nari
meat,anu anu
funny,di egwu
neither,abughi
soil,ala
surgery,ogwugwo
correct,imaaki
Jewish,Kejuu
blame,uta
estimate,iru eru
due,n'ihi na
basketball,bayebul
golf,goofu
investigate,ichoputa
crazy,keara
significantly,nke otutu
chain,heenu
branch,mpalaga osisi
combination,mgwakota
frequently,kemgbe na mgbe
governor,onye ochichi
relief,nnwereonwe
user,o
dad,nna
kick,mgbanye
manner,uzo omume
ancient,kegboo
silence,juu
rating,ngosi
golden,kegooldu
motion,ukporo
German,Nwoke nwoke
gender,okike nwoke
solve,isa
fee,ugwo okwukwu
landscape,odida obodo
used,eji
bowl,nnukwu efere
equal,nhara
forth,pụta
frame,odidi ahu
typical,tipikal
except,na beluso
conservative,doo anya
eliminate,iwepu
host,onye nnabata
hall,ulo
trust,ntukwasi obi
ocean,osimiri
row,ahiri
producer,onye na-emeputa ihe
afford,imeli
meanwhile,oburu
regime,oge ochichi
division,nkewa
confirm,ikwete
fix,ifiksi
appeal,itinye akwukwo ozo
mirror,anyo
tooth,eze
smart,nke imaihe
length,ogologo
entirely,kpam kpam
rely,dabere
topic,ahaisiokwu
complain,ikpesa
variable,veriebul
telephone,telifon
perception,ngannuche
attract,ido akpari
confidence,okwukwe
bedroom,ime ulo
secret,nke nzuzo
debt,ugwo
rare,emeghi mgbe dum
tank,tank
nurse,nosi
coverage,mkpuchi
opposition,mbusoagha
aside,rude
anywhere,ebe obula
bond,njikota
pleasure,obiuto
master,nna ukwu
era,era
requirement,iheachoro
fun,anuru
expectation,mbunobi
wing,nkunnunu
separate,nke iweputa
somewhat,dikafodu
pour,wunye
stir,ibido
judgment,mkpezi
beer,biya
reference,nrutuaka
tear,ikwa
doubt,idautu
grant,inyere aka
seriously,sie
minister,ukochukwu
totally,mgbakotacha
hero,odogwu
industrial,keindostri
cloud,urupuru
stretch,igbati
winner,onyemmeri nwaanyi
volume,ibu
seed,mkuruosisi
surprised,maa anya
fashion,eyimeeyi
pepper,ose
busy,keigbambo
intervention,ntinye onu
copy,kopi
tip,ngaazu
cheap,keonuala
aim,ibu n'obi
cite,ikpoputa
welfare,inwe mmasị
vegetable,akwukwo nri
gray,awo
dish,ite nri
beach,biishi
improvement,oganiihu
everywhere,ebe obula
opening,mmeghe
overall,n'ozuzu
divide,ike
initial,kembido
terrible,kemmenyeujo
oppose,ibuso agha
contemporary,keomume
route,uzo
multiple,otutu
essential,ndika
league,otu
criminal,onye mere mpu
careful,ikpako onu
core,isi
upper,elu elu
rush,rosh
necessarily,ibudighi
specifically,kpọmkwem
tired,kemgwumike
employ,iwe n'oru
holiday,ezumiike
vast,nke ukwu
resolution,ikpe
household,ezi na ulo
fewer,ole na ole
abortion,mwepu
apart,iche iche
witness,gbaa
match,iha aha
barely,sonso
sector,mpaghara
representative,onye nnochi nwaanyi
beneath,n'okpuru
beside,ewepu
incident,omenene
limited,amachaghị
proud,ikpa nganga
flow,igba
faculty,ngalaba
increased,igughari
waste,mmefu
merely,naanị
mass,uka
emphasize,ikwusi ike
experiment,eksperimenti
definitely,ndoro anya
bomb,bombu
enormous,nnukwu ibu
tone,udaolu
liberal,keobioma
massive,kennukwu
engineer,enjinia
wheel,wiil
decline,odida
invest,itinye ego
cable,aya
towards,gaa
expose,igbabo
rural,nke imeobodo
AIDS,Mịsi
Jew,Juu
narrow,nanho
cream,ude
secretary,odeakwukwo nwoke
gate,Ọnụ ụzọ
solid,nke siriike
hill,ugwu
typically,otutu
noise,mkpotu
grass,ahihia
unfortunately,makaihu ojoo
hat,okpu
legislation,iwu
succeed,inochi
celebrate,ime mmeme
achievement,mmeta
fishing,ozuzu igbu anu
accuse,ibo ebubo
useful,keibauru
reject,iju
talent,uburu
taste,uto
characteristic,keejirara
milk,mmiri ara
escape,igbapu
cast,igba
sentence,ahiriokwu
unusual,ebughieme
closely,noorinso
convince,ido anya
height,ogo
physician,dibịa
assess,itule
plenty,use
virtually,ihe nile
addition,mgbako
sharp,nke dinko
creative,ekeere uche
lower,ibuda ala
approve,inabata
explanation,nkowa
gay,nwoke
campus,kampos
proper,kwesiri ekwesi
guilty,keomuma ikpe
acquire,inwete
compete,isompi
technical,teknikal
plus,igbakota
immigrant,onye mbiara mbiara
weak,adighi ike
illegal,kemegidere iwu
hi,ndewo hi
alternative,nke ozo
interaction,nkukoria uka
column,nkwadoulo
personality,mmadu inwe ugwu
signal,signal
curriculum,osisa
honor,echichi
passenger,onyeije nwoke
assistance,mnyemeaka
forever,ebighi ebi
regard,lee
Israeli,Izrel
association,nkwu
twenty,iri abuo
knock,iku aka
wrap,kechie
lab,anoghinso
display,ngosi
criticism,nnyocha
asset,ihe achoro
depression,obi idamba
spiritual,nke mmuo
musical,miziikal
journalist,onye ntaakuko
prayer,ekpere
suspect,nwanyi onyearuturuaka
scholar,okammuta nwoke
warning,ndumodu
climate,klimeti
cheese,chiizi
observation,nleruanya
childhood,ogenwata
payment,okwukwu
sir,saar
permit,akwukwo inara ike
cigarette,sigareeti
definition,nkowasi
priority,nke buru uzo
bread,achicha
creation,okike
graduate,igucha akwukwo
request,aririo
emotion,mmetuta obi
scream,itimkpu
dramatic,keuma
universe,eluuwa
gap,gap
excellent,kacha mma
deeply,miri
prosecutor,onye ikpe
lucky,kechioma
drag,ikpuru
airline,ee lainu
library,oba akwukwo
agenda,ajenda
recover,naputa
factory,fakitri
selection,nghoputa
primarily,nkekacha mkpa
roof,eluulo
unable,enweghi ike
expense,idi onu
initiative,igba
diet,nri
arrest,njido
funding,ego oru
therapy,terapi
wash,suo
schedule,skedul
sad,nke mmute
brief,nkowa
housing,ndeputa
post,osisi
purchase,zuo
existing,dị
steel,stiil
regarding,gbasara
shout,itimkpu
remaining,nke foduru
visual,kenlere
fairly,dika ezi
chip,mgbawa
violent,keike
silent,nke ekwughiokwu
suppose,soposi
self,nke onye
bike,igwe inyinya
tea,tii
perceive,maranuche
comparison,ntulerita
settlement,mmezi
layer,oyi akwa
planning,ime atumaatu
description,nkowa
slide,slaid
widely,n'uzo
wedding,agbamakwukwo
inform,igwa
portion,ibe
territory,alaonye
immediate,ozugbo
opponent,onye iro
abandon,ihapu
lake,leeki
transform,igbanwe
tension,obimgbalielu
leading,ndu
bother,inye nsogbu
consist,iso
alcohol,mmanya na-eme n'anya
enable,inwe ike
bend,irozi
saving,nzọpụta
desert,ikpa
shall,ga
error,mmejo
cop,keep
Arab,Arirab
double,mkpi
sand,aja
Spanish,Spanish
print,deputa
preserve,gbochie maka mmebi
passage,onuuzo
formal,kendi
transition,ntughari
existence,odidi
album,abom
participation,msoroibe
arrange,ikwado
atmosphere,nkwuru
joint,okukpu
reply,iza
cycle,eregide
opposite,nke ozo
lock,igbachi
deserve,ikwesi
consistent,odinuudi
resistance,ekweghiekwe
discovery,mchoputa
exposure,mkpughepụ
pose,posu
stream,iyi
sale,onuahia
pot,ite
grand,kwa
mine,ogbunigwe ndisoja na-eli
hello,Nnọọ
coalition,mmekota
tale,akukoifo
knife,nma
resolve,imezi
racial,agbụrụ
phase,frasi
joke,egwuregwu
coat,ahuanu
Mexican,Muxan
symptom,nziputa
manufacturer,mmewe
philosophy,filosofi
potato,nduku
foundation,ntoaka
quote,kwotu
online,onnet
negotiation,mkpakorita
urge,ikwanye
occasion,mgbendaba
dust,dostu
breathe,ikuru ume
elect,ihoputa
investigator,onye nyocha
jacket,jakeeti
glad,obiuto
ordinary,nkiti
reduction,mmedata
rarely,adịkarịghị
pack,bukota
suicide,nkwugbu
numerous,otutu
substance,umi
discipline,ozuzu
elsewhere,ebe ozo
iron,igwe
practical,praktikal
moreover,ọzọ
passion,ahuhu
volunteer,omenobioma nwoke
implement,ime eme
essentially,Nkewa
gene,ozizi
enforcement,mmado
vs,vs
sauce,soosi
independence,nnoroonwe
marketing,ahia
priest,ukochukwu
amazing,kentunanya
intense,keike
advance,iga niihu
employer,onye oru
shock,ujo
inspire,kpate mmuo
adjust,imeghari
retire,ila ozuzi ike nka
visible,visibul
kiss,imi onu
illness,ọrịa
cap,okwuchi
habit,agwa
competitive,keisompi
juice,mmiri ihe
congressional,mmebe
involvement,mghasa
dominate,ikpakoro
previously,ugbua
whenever,otuodila
transfer,transfaa
analyze,iseke
attach,itinye
disaster,oru
parking,mbukota
prospect,mma di n'ime ihe
boss,onyeisi
complaint,mkpesa
championship,egwuregwu
fundamental,kedimkpa
severe,nke ikpachapuruanya
enhance,ikwakota
mystery,aru
impose,maari
poverty,mgbenyi
entry,obuba
spending,ime nnyocha
king,eze
evaluate,inwale
symbol,adimara
maker,onye metara
mood,muudu
accomplish,imete
emphasis,nkwusi ike
illustrate,Nye - eme
boot,buutu moto
monitor,ileba anya
Asian,Onye Eshia
entertainment,okwukwo obia
bean,agwa
evaluation,nleba
creature,ihe e kere
commander,ome komandi
digital,didital
arrangement,mkwado
concentrate,itinye echiche
usual,otutu mgbe
anger,iwe
psychological,maka agwa na uche mmadu
heavily,sierore
peak,nkacha elu
approximately,odika
increasing,kemmubanye
disorder,mgbagwoju anya
missile,ngwa ogu ana-atu atu
equally,ohiha
vary,igbanwe
wire,waya
round,gburugburu
distribution,nkesa
transportation,mbubata
holy,kenso
twin,ejima
command,komandi
commission,komishon
interpretation,nkowa
breakfast,nri ututu
strongly,ike siri ike
engineering,injinịaji
luck,chioma
so-called,a na-akpọ
constant,keechejighi
clinic,klinik
veteran,vetiran soja
smell,isi
tablespoon,tablepoon
capable,keike
nervous,imaririri
tourist,oje njem nwoke
toss,tuturu
crucial,kedimkpa
bury,ili
pray,kpee ekpere
tomato,Tomato
exception,beluso
butter,bota
deficit,mpe
bathroom,batruum
objective,mbunuuche
electronic,elektrọniki
ally,mmekorita
journey,njem
reputation,onodu
mixture,akwaoriri
surely,n'ezie
tower,towa
smoke,inanoku
confront,ibuso agha
pure,enweghi mebi
glance,nlekiri
dimension,uzo
toy,toyi
prisoner,nwaanyi onye nkporo
fellow,kooke
smooth,murumuru
nearby,Nọgide
peer,pear
designer,okwa akwa
personnel,pesonel
educator,oba akwukwo oruzi
relative,ikwu
immigration,mbiara mbiara
belt,beelutu
teaspoon,teaspoon
birthday,ubochi omumu
implication,imeputa
perfectly,nke zuru oke
coast,akuku mmiri
supporter,onye nkwado
accompany,isoro
silver,silva
teenager,nwaokorobia
recognition,ude
retirement,ozuzuike nka
flag,flaagi
recovery,mgbake
whisper,mgbamizu
gentleman,nwa amadi
corn,ọka
moon,onwa
inner,keime ime
junior,keobere
throat,akpiri
salary,egoonwa
swing,siwing
observer,onye nkiri
publication,akwukwo ndeputa maka ogugu
crop,akuku
dig,igwu
permanent,ebighiebi
phenomenon,phenomenon
anxiety,ume mmapu
unlike,n'adịghị ka
wet,mmiri mmiri
literally,udi nkiti
resist,resisti
convention,nzuko
embrace,ida obi
assist,inyere aka
exhibition,nziputa
construct,iwube
viewer,onye nlele
pan,ite
consultant,onye njuta
administrator,onye ochichi
occasionally,mgbeufodu
mayor,meyo
consideration,ntule
CEO,Onye isi
secure,nke ntukwasiobi
pink,pink
buck,ibutu
historic,keakukoala
poem,abu
grandmother,nne nne
bind,iragide
fifth,keise
constantly,echejighi
enterprise,ulo ozuzu
favor,mmenyere
testing,inwa
stomach,afo
apparent,ka o di
weigh,itu
install,ichi achichi
sensitive,maka inweuche
suggestion,ncheputa
mail,ozi
recipe,uzommeputa
reasonable,nke mgbaghaputa
preparation,njikere
wooden,keosisi
elementary,mmewere
concert,mmeochi
aggressive,keesemokwu
FALSE,Asi
intention,mbunobi
channel,chaneelu
extreme,mgwucha
tube,tub
drawing,osise
protein,protein
quit,hapu
absence,abiaghi
Latin,Latin
rapidly,ngwa ngwa
jail,mkporo
diversity,fee
honest,keeziokwu
Palestinian,Palestine
pace,keosoro
employment,oru
speaker,onyeokwukwu nwoke
impression,echiche
essay,edemede edemede
respondent,onye zara naputaibe
giant,ibu
cake,achicha
historian,onye akukoala
negotiate,kpakorita
restore,ikpoghachi
substantial,ukwu otutu
pop,pop
specialist,nwaanyi speshalist
origin,mbido
approval,nnabata
quietly,nwayo nwayo
conventional,okpeazu
depth,emiriemi
wealth,aku
disability,orusi
shell,shei
criticize,inyocha
effectively,nke kwere
biological,bayoloji
onion,yabasị
deputy,onye osote
flat,ohiha
brand,udi anumanu
assure,ikwe nkwa
mad,keara
award,inwe
criteria,njiri
dealer,ahia
via,site
utility,uchichi
precisely,udidi
arise,ibili
armed,njikere
highway,okporouzo mbasara
clinical,klinikal
routine,usoro imeihe
wage,ugwo
normally,ndabazi
phrase,nkebokwu
ingredient,mgwa ihe
stake,osisi osisi
Muslim,Majalim
fiber,eriri
activist,onye mmume
Islamic,Kealakwuba
snap,snap
terrorism,otummenyeujo
refugee,ogba osondu nwoke
incorporate,itinye
hip,hiipu
ultimate,kacha
switch,siwiich
corporation,kopoporation
valuable,kebara uru
assumption,mwere
gear,gia
barrier,ihe mgbochi
minor,obere
provision,ikele
killer,ogbu mmadu
assign,inye olu
gang,otu ojoogap
developing,shoulturing
classic,asị
chemical,kemikal
label,labeelu
teen,afọ
vacation,ezumike
advocate,ikwado
draft,ngworo
extraordinary,kediegwu
heaven,eluigwe
rough,roofu
yell,itimkpu
pregnant,idi ime
distant,kentoanya
drama,ejije
satellite,satelaiti
personally,onye ozo
clock,klook
chocolate,chokoleeti
Italian,Itasili
Canadian,Kasian
ceiling,silin
sweep,iza
advertising,mgbasa ozi ahia
universal,kezuruoha
spin,igbagburugburu
button,mkpochi efe
bell,mgbirigba
rank,msonokwa soja
darkness,ochichiri
clothing,akwa
super,ibu
yield,Mmụba
fence,aja ogbugbu
portrait,onu uzo
survival,mnwufo
roughly,keosisi
lawsuit,ikpe
testimony,mkwuputa
bunch,ụyọkọ
found,ahuru
burden,nsogbu
chamber,chemba
furniture,ihe eji ebi ulo
cooperation,mmekota
string,eriri
ceremony,emume
communicate,izi ozi
cheek,agba
lost,kemfulahu
profile,profili
mechanism,usoro
disagree,iju aju
penalty,ita uta
ie,ka
resort,resotu
destruction,mmebi
unlikely,eleghi anya
tissue,ahummadu
constitutional,akwukwo ikpeu
pant,poko
stranger,onyeobia nwoke
infection,oria ofufe
cabinet,kabinet
broken,kenkuwa
apple,apụl
electric,eletiriiki
proceed,gaba
bet,beeti
literary,na-edegụ akwụkwọ
virus,nje
stupid,nkeiberibe
dispute,igbagha
fortune,uba
strategic,stratejik
assistant,onye mnyemeaka
overcome,merie
remarkable,remakeble
occupy,bigide
statistics,statistiks
shopping,ahia
cousin,nwa nwanne nna
encounter,ipiakwute
wipe,hichaa
initially,ibido
blind,isi
port,onu mmiri
electricity,eletirisiti
genetic,ihe ogugu
adviser,onye ndumodu
spokesman,nkwuwa
retain,inugide amamihe
latter,nke azu
incentive,ike
slave,ohu nwaanyi
translate,itughari
accurate,kekpomkwem
whereas,ebe
terror,ujo
expansion,mmeba
elite,iruelite
Olympic,Oympic
dirt,unyi
odd,adabaghi
rice,ereesi
bullet,mgbo
tight,kenkesiike
Bible,Akwukwu nso
chart,chaati
solar,jehula
square,skware
concentration,ntinye echiche
complicated,mgbagwoju anya
gently,keumeala
champion,onye mmeri
scenario,ngosi
telescope,teliskop
reflection,nchezi
revolution,ogbaaghara
strip,straip
interpret,isughari
friendly,keoyi
tournament,ndorondoro
fiction,agwa
detect,itu ntu
tremendous,kedimkpa
lifetime,ndu
recommendation,nkwanye
senator,onye otu
hunting,ichu nta
salad,salad
guarantee,igba aka ebe
innocent,keaka idi ocha
boundary,oke
pause,kwusi
remote,nke anya
satisfaction,ojujuafo
journal,jonaal
bench,oche benchi
lover,onye aghaghi
raw,nke ndu
awareness,mmata
surprising,nkeebughinuche
withdraw,wepu
deck,oche
similarly,n'otu aka ahụ
newly,ohuru
pole,polu
testify,ikwuputa
mode,modu
dialogue,mkparịta ụka
imply,gosiri
naturally,okpunuwa
mutual,imekorita
founder,onye nchoputa
advanced,keihu
pride,nganga
dismiss,igbasa
aircraft,ugbo elu
delivery,mwegara
mainly,tumadi
bake,ime
freeze,ifriizi
platform,ama ejije
finance,ego
sink,sink
attractive,kemma
diverse,iche iche
relevant,nke dabara
ideal,enweghiatu
joy,obiuto
regularly,mgbedum
working,oru
singer,oguegwu nwaanyi
evolve,ibido
shooting,romgba
partly,ke n'otu
unknown,amaghi
offense,njo
counter,kanta
DNA,Dina
potentially,enwere ike
thirty,iri ato
justify,ikwu ihe mkpata
protest,nkwugide
crash,okuku
craft,oru oru
treaty,treti
terrorist,onyemmenyeujo nwanyi
insight,anya okenya
possess,jide
politically,Ndi ndọrọ ndọrọ ọchịchị
tap,mmigbu
extensive,kennukwu
episode,ihe omume
swim,gwuo
tire,ngwumike
fault,nsogbu
loose,keesighi ike
shortly,n'oge na-adịghị anya
originally,nambido
considerable,kennukwu
prior,tupu ihe emee
intellectual,onye amamiihe
assault,ogu mberede
relax,Zuo ike
stair,flaali
adventure,njem
external,keezi
proof,ngosi edemede
confident,keokwukwe
headquarters,hedikwotaas
sudden,nke mberede
dirty,unyi
violation,nnupuisi
tongue,ire
license,inye ike
shelter,izobe
rub,tee
controversy,mgbagha
entrance,Ụzọ mbata
properly,nke ọma
fade,ichabo
defensive,nzere
tragedy,trajidi
net,ugbu
characterize,keariri
funeral,akwamozu
profession,aka oru
alter,igbanwe
constitute,keeisi
establishment,oruru
squeeze,ipiakota
imagination,enyouche
mask,mkpu
convert,itughari
comprehensive,keukwu
prominent,nke puru iche
presentation,inye onyinye
regardless,otu obula osiri di
load,ibu
stable,uloumuaanu
introduction,ndubata
pretend,nghogbu
elderly,ndị okenye
representation,nnochi
deer,diya
split,Kewaa
violate,inupuisi
partnership,nrukooru
pollution,mmebie
emission,oge obula
steady,onodu nguzosi
vital,dimkpa
fate,akaraaka
earnings,azuta ego
oven,oven
distinction,mpuruiche
segment,nke
nowhere,enweghi ebe
poet,onye abu nwoke
mere,slar
exciting,amaghi ka odi
variation,mgbanwe
radical,radikal
adapt,imeghari
Irish,Nke Irish
honey,mmanu anu
correspondent,onye mmekorita
pale,icha mmirimmiri
musician,onyeegwu
significance,mpka
vessel,nkwari
storage,storaji
flee,igbapu
mm-hmm,mm-hmm
leather,leda
distribute,ikesa
evolution,mbido
ill,keoria
tribe,ikwu
shelf,uko
grandfather,nna nna
lawn,ahihia
buyer,ozu ahia
dining,eri nri
wisdom,amamihe
council,kansul
vulnerable,volnarebul
instance,omuma
garlic,galiki
capability,ikike
poetry,abu
celebrity,emume
gradually,nwayo nwayo
stability,stebul
fantasy,nruro efu
scared,itu egwu
plot,ala ulo
framework,igba
gesture,ihe ahu ekwu ekwu
depending,ekwenye
ongoing,na-aga n'ihu
psychology,pchcholog
counselor,kanselo
chapter,isi
divorce,igba alukwaghim
pipe,paipu
athletic,ase
slight,obere
math,ebere
shade,ndo
tail,odudu
sustain,sosten
mount,ugwu
obligation,njikotara
angle,n'akuku
palm,oboaka
differ,iche
custom,omenaala
economist,onu akụ
fifteen,iri na ise
soup,ofe
celebration,emume omumu
efficient,oru oma
composition,njikọta
satisfy,juafo
pile,mbukota nku
briefly,na nke
carbon,kabon
closer,adiru nso
consume,na-eri
scheme,mmebe
crack,mgbape
frequency,mgbe na mgbe
tobacco,tobacco
survivor,nwanyi nwuforo
besides,ewepu
psychologist,keamume
wealthy,keaku
galaxy,Galaxy
given,inye
ski,skai
limitation,mmachi
trace,trace
appointment,oru
preference,ihe achoro
meter,mita
explosion,mgbawa
publicly,n'ihu oha
incredible,keekweghikwe
fighter,ugboelu agha
rapid,ngwangwa
admission,nnabata
hunter,ochu nta
educate,imuta
painful,mgbu
friendship,oyi
aide,onye mnyemaka
infant,obere nwa
calculate,igbako
fifty,iri ise
rid,isichapu
porch,pochi
tendency,tendensi
uniform,mbonotu
formation,isodi
scholarship,egoenyemaka iguakwukwo
reservation,resaveshion
efficiency,oru oma
qualify,tozuo
mall,nnukwu ụlọ ahịa
derive,iri nri
scandal,nkwuto
PC,Plus
helpful,keenweghi enyemaka
impress,ime mmasi
heel,ichiri ukwu
resemble,iyieyi
privacy,nke onye
fabric,akwa
contest,zoo
proportion,nkeputa
guideline,nrube iwu
rifle,egbe nta
maintenance,nlekwa anya
conviction,omuma ikpe
trick,ughoro
organic,Organic
tent,tent
examination,ule
publisher,akwukwo maka ogugu
strengthen,igbaume
proposed,aro
myth,ifuru
sophisticated,ọkaibe
cow,ehi
etc,wdg
standing,iguzo
asleep,n'ura
tennis,tenis
nerve,akwara
barrel,bareelu
bombing,bombu
membership,onye otu
ratio,rashio
menu,nri enwere
controversial,enweghi esemokwu
desperate,nchun'oku
lifestyle,ndu
humor,mmeochi
loud,keuzu
glove,gloovu
sufficient,nke ojuju
narrative,ịkọ
photographer,onye na-ese foto
helicopter,helikopta
modest,obi umeala
provider,onye na-eweta
delay,idilee
agricultural,keugbo
explode,igbawa
stroke,strokal
scope,oke
punishment,ahuhu
handful,kejuru aka
badly,ajo
horizon,horaizin
curious,kemmasi
downtown,mgbada mgbada
girlfriend,enyi nwaanyi
prompt,n'oge
cholesterol,cholesterol
absorb,banye
adjustment,mmezi
taxpayer,onye na-atụ ụtụ
eager,nchoro
principal,nke isi
detailed,kemmeputa
motivation,ihena-eme ihe emetu ukporo
assignment,olu e nyere
restriction,mgbochi
laboratory,laabu
workshop,ulooru
differently,icheiche
auto,uto
romantic,nke ufere
cotton,kotin
motor,moto
sue,ikuikpe
flavor,ekpomeekpo
overlook,lefuo
float,ise n'elu
undergo,na -aga
sequence,nsoje
demonstration,ngosiputa
jet,jeeti
orange,oroma
consumption,oriri
assert,ikwuputa
blade,bleedi
temporary,keadighideghi
medication,keogoghimme
cabin,kabin
bite,ita aru
edition,mbiputa
valley,ndagwurugwu
yours,nke gi
pitch,okwa olu
pine,paini
brilliant,amamiihe
versus,vesos
manufacturing,imeputa
absolute,kpochapu
chef,osiriri
discrimination,mkpaoke
offensive,imenjo
boom,buru ibu
register,ndeko aha
appoint,inye
heritage,ihe ojoo
God,Chukwu
dominant,mkpakoro
successfully,nke ọma
shit,shiit
lemon,oroma nkịrịsị
hungry,keaguu
wander,wonda
submit,irubeisi
economics,akuakwa ihe
naked,oto
anticipate,itu anya
nut,aku
legacy,leta
extension,mgbati
shrug,shrug
battery,batiri
arrival,nlota
legitimate,keodiniiwu
orientation,ndoputa
inflation,onu oriri
cope,ịnagide
flame,oku
cluster,ụyọkọ
wound,onya
dependent,ndabere
shower,mmiriozuzo
institutional,ulo akwukwo
depict,gosiri
operating,oru otutu
flesh,anuahu
garage,garaji
operator,opereto
collapse,ida
borrow,ibiri
furthermore,ozoro
comedy,ntochi
mortgage,igba ibe
sanction,saukshion
civilian,ndi nkiti
twelve,iri na abuo
weekly,kwa wiik
habitat,biri
grain,mkpururu
brush,isa onu
consciousness,nlezi anya
devote,itinye
measurement,mmesho
province,ngalaba ochichi
ease,mfe
seize,donara
ethics,ethrics
nomination,mma
permission,inara ike
wise,keamamihe
actress,omee
summit,somiit
acid,asiidi
odds,nguzo
gifted,keofu
frustration,odida mba
medium,keusoro
physically,nke anụ ahụ
distinguish,ichiputa adimiiche
shore,onummiri
repeatedly,ugboro ugboro
lung,nkuume
running,igbaoso
distinct,keniche
artistic,kenka
discourse,mkwuputa obi
basket,nkata
ah,kee
fighting,ibuso agha
impressive,kemmasi
competitor,onye osompi
ugly,kenjo
worried,keechiche
portray,ziputa
powder,nzu otite
ghost,mmuo
persuade,gbanwee ya obi
moderate,imeihenokara
subsequent,nkeso
continued,Nọgide
cookie,kuki
carrier,onye bu oria ofufe
cooking,esi nri
frequent,kemgbe na mgbe
ban,igbochi
awful,ke egwu
admire,imasi
pet,peti
miracle,ihebube
exceed,ikari
rhythm,ahiriuda
widespread,kemgbasa
killing,igbu
lovely,keoma
sin,meenjo
charity,ebere
script,edemede
tactic,kenkwucha
identification,nrugosi
transformation,mgbanwe
everyday,kwa ụbọchị
headline,isiokwu
venture,iku
invasion,mbuso agha
nonetheless,keodino
adequate,kezuru oke
piano,piano
grocery,rikori
intensity,osisi ike
exhibit,izuputa
blanket,blankeeti
margin,mmiri
quarterback,n'azu uzo
mouse,òké
rope,eriri
concrete,ihe
prescription,ima iwu
African-American,African-American
chase,ichu oso
brick,biriiki
recruit,wee n'oru
patch,kwachie
consensus,njeghari
horror,egwu
recording,ideputa abu
changing,igbanwe
painter,nwaanyi oteagba
colonial,ochichinwansi
pie,pai
sake,sia
gaze,lea
courage,obi
pregnancy,afo ime
swear,ibuonu
defeat,imeri
clue,aidia
reinforce,inyekwu ike
confusion,mmesa anya
slice,iberi
occupation,akaora
dear,nke oma
coal,unyi
sacred,saweni
formula,fomula
cognitive,uta mara nma
collective,mkpokota
exact,kpom kwem
uncle,nwanne nwoke nna
captain,onya ugbo
sigh,itaghari
attribute,kee
dare,nwaaibe
homeless,enweghi ulo
gallery,galari
soccer,egwuregwuboolu
defendant,onye eboro ebube
tunnel,tonel
fitness,mma
lap,mpara ukwu
grave,laili
toe,mkpisi ukwu
container,akpati
virtue,agwaoma
abroad,ofesi
architect,akitekiti
dramatically,nke ukwuu
makeup,Techaa
inquiry,njuputa
rose,okookoosisi rosu
surprisingly,keihu
highlight,mee ka ọ pụta ìhè
decrease,iwedata
indication,ngosi
rail,okporo uzo ugboigwe
anniversary,emume ncheta
couch,ndina
alliance,mmekorita
hypothesis,hypothesis
boyfriend,enyi nwoke
compose,ideputa
mess,ozinjo
legend,akuko ndiichie
regulate,imezi
adolescent,nwaada
shine,onwunwu
norm,ndokwa
upset,bilie dị njikere
remark,remaaki
resign,ikwusioru
reward,ugwo
gentle,keumeala
related,agukorita
organ,ogan ahu
lightly,nke aghaghi ime
concerning,na mgbasa
invent,cheputa
laughter,ochi
northwest,Northwest
counseling,dudum
receiver,onye nnata
ritual,nchuaja
insect,ahuhu
interrupt,ikusi
salmon,Salmọn
trading,kengeza ahia
magic,majiiki
superior,nke ka
combat,izo
stem,azuokokoosisi
surgeon,sogion
acceptable,keanabatara
physics,phrisk
rape,dina n'ike
counsel,ndumoodu
jeans,jeans
hunt,ichu nta
continuous,kensochi
log,loogu
echo,nkuzi mgbamejije
pill,mkpuru ogwu
excited,amaghi ka odi
sculpture,sikolpta
compound,kondoibe
integrate,iwekota onu
flour,fulawa
bitter,ilu
bare,ke oghere
slope,ndida
rent,ugwo
presidency,okwa onye ochihi ala
serving,ije ozi
subtle,sobje
greatly,nke ukwuu
bishop,bishopu
drinking,mmanya
acceptance,nnabata
pump,gbaputa mmiri
candy,kandii
evil,ihe ojoo
pleased,inwe obiuto
medal,medaal
beg,iyo
sponsor,sponso
ethical,umee
secondary,nsoje
slam,slam
export,ekspootu
experimental,nnwale
melt,gbazee
midnight,etiti abali
curve,oruro
integrity,eziokwu
entitle,obi
evident,putara
logic,uchenso
essence,odidi
exclude,ewepu
harsh,kedi ufu
closet,kaboodu
suburban,ibudoro anya
greet,ikele
interior,ime
corridor,korido
retail,reteelu
pitcher,pitcher
march,imaachi
snake,agwo
excuse,igbaghara
weakness,ikeogwugwu
pig,ezi
classical,nke okpu
estimated,e mere na eme atụmatụ
T-shirt,T-shirk
unemployment,enweghi akaoru
civilization,mmepe anya
fold,imeshi
reverse,laa azu
missing,itufu ihe
correlation,mgbagwoju
humanity,ndi mmadu
flash,ogbugbu
developer,onye nrụpụta
reliable,nke ntukwasiobi
excitement,amaghi ka odi
beef,anu ehi
Islam,Alakwuba
Roman,Repon
architecture,onye na-eme ihe omumu
occasional,mgbe ufodu
administrative,udi
elbow,ikiaka
deadly,egwu
Hispanic,Herpanic
allegation,ebubo
confuse,imesa anya
airplane,ugbo elu
monthly,lewa onwa
duck,ọbọgwụ
dose,dose
Korean,Kororo Korean
plead,rio mgbaghara
initiate,abamaba
lecture,ihe nkuzi
van,van
sixth,nke isii
bay,inyinya obara obara
mainstream,incestream
suburb,sobub
sandwich,sandwiich
trunk,okporo osisi
rumor,akukoasiri
implementation,mmejuputa
swallow,elo
motivate,imeka ihe mee ukporo
render,senge
longtime,Otee aka
trap,onya
restrict,igbochi
cloth,akwa
seemingly,ọ dị ka ọ bụ
legislative,ekike
effectiveness,di uru
enforce,ka edebe iwu
lens,enyoanya
inspector,onye inspekto
lend,ibinye ihe
plain,nke esighi ike nighota
fraud,mpo
companion,oyi
contend,igbansi
nail,ntu
array,mgwo ahia
strict,strikt
assemble,ikpokota
frankly,eziokwu
rat,oke
hay,ahihia kporo nku
hallway,ulo
cave,onuala
inevitable,agaranihu
southwest,Southwest
monster,monsta
unexpected,atughi anya
obstacle,ndachi
facilitate,ikwado
rip,rip
herb,ogwu
overwhelming,karịrị akarị
integration,mwekota
crystal,kristal
recession,nlaazu
written,nke edere
motive,motivi
flood,mmiri otutu
pen,pen
ownership,nke onye
nightmare,nro
inspection,nleta
supervisor,onyenlegideanya nwoke
consult,ijuta
arena,obom
diagnosis,nchoputa
possession,aku
forgive,igbaghara
consistently,ebibi anya
basement,okpuru ulo
drift,inakpo
drain,igbapu
prosecution,ikpe
maximum,nkacha
announcement,ogwugwa
warrior,onyeagha
prediction,amumatu
bacteria,bakteria
questionnaire,ajuju nchoputa
mud,uro
infrastructure,nsolata
hurry,me osooso
privilege,privileji
temple,isi
outdoor,pụta mpụga
suck,inu
and/or,na / ma ọ bụ
broadcast,ikwuputa
re,re
leap,itu ukwu
random,random
wrist,nkwojiaka
curtain,akwa mgbochi
pond,ndoro mmiri
domain,laukar
guilt,omuma ikpe
cattle,ehi
walking,Ije ije
playoff,egwuregwu onye mmeri
minimum,nke kacha nta
fiscal,akika
skirt,uwe
dump,idabe
hence,maka ya
database,nchekwa data
uncomfortable,enweghi anuri
execute,igbu
limb,aka
ideology,idiiche
tune,uri
continuing,gaa n'ihu
harm,ihe ojoo
railroad,okporo uzo ugboigwe
endure,idi ihe
radiation,radieshon
horn,mpi
chronic,oria alaghiala
peaceful,idi n'udo
innovation,kenkeputa
strain,stren
guitar,jita
replacement,ndochi
behave,ikpa agwa
administer,ichiachi
simultaneously,n'otu oge
dancer,ogba egwu
amendment,mmeghari
pad,ite
transmission,mmife
await,ichere
retired,Alatala ezumike nka
trigger,triga
spill,ikwafu
grateful,keobiuto
grace,ugwu
virtual,imeviloji
colony,ochichi ike
adoption,mkporo
indigenous,keamuma
closed,nke emechiri
convict,onye amara ikpe
towel,towel
modify,melata
particle,uzo
prize,onyinye nke onye gbara mbo
landing,nlodata
boost,ikwado
bat,usu
alarm,alaam
festival,mmeme
grip,ijido ihe
weird,werd
undermine,ileda anya
freshman,Newman
sweat,ajirija
outer,nkeazu
drunk,mmanya ogbugbu
separation,nweputa
traditionally,Dị ka ọdịnala
govern,ichi achu
southeast,sogestas
intelligent,keamamiihe
wherever,ebeobula
ballot,akwukwo vootu
rhetoric,enyotiric
convinced,nwee obi ike
driving,inyinya
vitamin,vitamin
enthusiasm,mmasi
accommodate,nabata
praise,towe
injure,mmeru ahu
wilderness,ozara
endless,ke enweghi nkwusi
respectively,dika ikosanye ugwu
uncertainty,ejighi ihe
chaos,ogbaaghara
mechanical,kemekaniiki
canvas,kwaaji
forty,iri ano
lobby,lobii
profound,kedimkpa
format,usoro
trait,treti
currency,ego
turkey,toro toro
reserve,idobere
beam,oku otiti
astronomer,astronono
corruption,mpu
contractor,onye nnabata
apologize,iyo ayiyo ncheghari
doctrine,nkuzi
genuine,keoma
thumb,isimkpisi aka
unity,ndinotu
compromise,mkwere
horrible,kediegwu
behavioral,omume
exclusive,sonso
scatter,ikposa
commonly,otutu
convey,ibuga
twist,ighikota
complexity,mgbagwojuihu
fork,fooku
disk,disk
relieve,dochie
suspicion,nrutuaka
health-care,nlekọta ahụike
residence,obi
shame,ihere
meaningful,kemputara
sidewalk,saidwok
Olympics,Eympic
technological,teknụzụ
signature,ntinyeaka
pleasant,nke obiuto
wow,Chaị
suspend,kwusi
rebel,onye nnupuisi nwoke
frozen,kefriza
spouse,nwunye
fluid,kemmiri mmiri
pension,penshion
resume,ibidokwa
theoretical,mmepeanya
sodium,sodium
promotion,ibuli mmadu ele
delicate,kenwere etu o di
forehead,ihuisi
rebuild,rugharia
bounce,ibiaghachi
electrical,elektro
hook,ngu
detective,onye tutuntu
traveler,ojenjem nwoke
click,Pịa
compensation,mmenyere
exit,Ụzọ ọpụpụ
attraction,mma
dedicate,inye n'aka
altogether,hadum
pickup,tụtụlite
carve,ipia
needle,agiga
belly,afo
scare,imenyeujo
portfolio,potafoliyo
shuttle,sechie
invisible,ahughi anya
timing,oge
engagement,engejimenti
ankle,isi ukwu
rescue,nzoputa
counterpart,counterpart
historically,Akụkọ gara aga
firmly,siri ike
mild,isi oma
rider,onye na-emere ya oji
doll,ihe egwuregwu umuaka
noon,ehihie
amid,amam
identical,myiri
precise,ime nkenke
anxious,keumemmapu
structural,maka oru
residential,ebebi onu
diagnose,ichoputa oria
carbohydrate,carbohydrate
liberty,nnwereonwe
poster,posta
theology,nkọmanya
nonprofit,na-abụghị
crawl,iri ari
oxygen,oksigin
handsome,mma
sum,nchikota
provided,inye
businessman,ozu ahia
promising,kwere nkwa
conscious,kenlezi anya
determination,mbo
donor,onyenye ego
hers,hers
pastor,ukochukwu
jazz,jazz
opera,ejije uneghune
acquisition,mnete
pit,olulu
hug,imaku
wildlife,ijuafo
punish,tara ahuhu
equity,ohiha
doorway,uzo ugbo
departure,opupu
elevator,mbugo
teenage,nke iri na itolu
guidance,ndumoodu
happiness,obi anuri
statue,akpuruakpu
pursuit,ochuchu
repair,ndozi
decent,ndimara
gym,mgbatị
clerk,ina-emezi
envelope,enveloopu
reporting,repotaiti
destination,abiaghi
fist,aka
endorse,ikwado
exploration,njem nchoputa
generous,kemmuo onyinye
bath,osisa ahu
thereby,n'akuku ebeahu
indicator,onye egosiputa
sunlight,ìhè
feedback,inye nzaghachi
spectrum,otutu
purple,populu
laser,laser
bold,kenwaramanya
reluctant,nke ekweghiekwe
starting,ibido
expertise,nka
practically,bụrụ
eating,iri oriri
hint,ndumodu
sharply,nke ikpa nke oma
parade,ijenlemanya
realm,reaneal
cancel,ikansulu
blend,igwakota
therapist,tapist
peel,bee
pizza,pizza
recipient,onye enyere ihe nwaanyi
hesitate,na-egbu oge
flip,mkpuru
accounting,ihuenyo
bias,bias
huh,huah
metaphor,ihe ọmụmụ Metaphor
candle,kanduru
judicial,ikpeje
entity,ihe diri
suffering,nhụjuanya
full-time,oge niile
lamp,lampu
garbage,ahihia
servant,ojeozi nwoke
regulatory,duvatory
diplomatic,diplomatik
elegant,gbacha gbacha
reception,ebennabata n'ulo ndiobia
vanish,igbafu
automatically,akpaghị aka
chin,agba
necessity,mkpa
confess,isa asa
racism,rasizim
starter,onyeonwu
banking,ulo nkita
casual,ukporo
gravity,nnukwu mpo
enroll,idebanye aha
diminish,idika
prevention,mgbochi
minimize,inapu
chop,iri
performer,onye ngosi nwoke
intent,keechiche
isolate,iwepu
inventory,egbeegwu
productive,nke nwere ike imeputa ihe ohuru
assembly,mkpokota
civic,nzu
silk,silk
magnitude,di ewuri
steep,nke nkpoda
hostage,njigide
collector,onye na-anakọta
popularity,ewuba
alien,nnabata
dynamic,di omimi
scary,egwu
equation,ohiha
angel,mmuo ozi
offering,inyeihe
rage,iweoku
photography,foto
toilet,ogweasu
disappointed,daa ihu
precious,dinobi
prohibit,gbochie
realistic,ezi okwu
hidden,zoo
tender,anuesighiike
gathering,nchikota
outstanding,nnukwu ugwo
stumble,ida
lonely,keinoso
automobile,ugboala
artificial,keakamere
dawn,iti
abstract,umi edemede
descend,rinye
silly,mgbede
tide,tide
shared,keekere
hopefully,na nchekwube
readily,ngwa ngwa
cooperate,imekota
revolutionary,nnonii
romance,ufere
hardware,utakiri
pillow,ncheisi
kit,agwa
continent,kontinenti
seal,siil
circuit,ogbo
ruling,isi
shortage,uko
annually,afo afo
lately,oge eteghi anya
scan,iyan
fool,oluku
deadline,keiwe
rear,nke azu
processing,mmeputa ihe
ranch,ebe ana-azu umuanu
coastal,iru mmiri
undertake,ibido
softly,juujuu
burning,na ere
verbal,nkwurunoonu
tribal,ebo
ridiculous,mkpari
automatic,kemachiini
diamond,dayamondu
credibility,odinkwenye
import,mbubata
sexually,enwe mmekọahụ
divine,mimi
sentiment,sentimenti
cart,moto inyinya
oversee,ozuteaka
o'clock,elekere
elder,otoro onye
pro,pro
inspiration,mkpatemmuo
Dutch,Afo
quantity,nke ukwu
trailer,treela
mate,di ma obu nwunye
Greek,Greek
genius,onye amamihe
monument,monumenti
bid,ikwe onu ahia
quest,mbido igba nju
sacrifice,ikwaja
invitation,oku
accuracy,kpomkwem
juror,onye juri
officially,nke no
broker,ore ahia
treasure,trezo
loyalty,umeala
talented,inwele
gasoline,peturuolu
stiff,stiif
output,mmeputa
nominee,ulo
extended,igbado
diabetes,oria shuga
slap,tieaka
toxic,na-egbu egbu
alleged,na-ekwu okwu
jaw,dish
grief,uju
mysterious,ihe nmgbagwoju anya
rocket,roket
donate,inye
inmate,rummeeti
tackle,tackele
dynamics,isi
bow,isi ugbo mmiri
ours,nke anyi
dignity,ugwu
carpet,kapeeti
parental,nne na nna
bubble,ufufo
buddy,keenche
barn,obaji
sword,mmaagha
seventh,nke asaa
glory,ekele
tightly,nke tijio
protective,ime nchegide
tuck,tuck
drum,igba
faint,ikubiume
queen,eze nwaanyi
dilemma,ntokiri
input,itinye ihe
specialize,puoiche
northeast,n'ebe ugwu ọwụwa anyanwụ
shallow,nke adghiomini
liability,ibu
sail,napu ugbo
merchant,ozii ahia
stadium,stadiom
improved,emeziwanye
bloody,ke mmebiobara
associated,kemkpo
withdrawal,iwepu
refrigerator,igwe ojuoyi
nest,akwu
thoroughly,nke oma
lane,uzo
ancestor,ndiichie
condemn,iju
steam,uzuoku
accent,ngwoolu
optimistic,inwe nkwenye
unite,ijikota
cage,onu
equip,itinye
shrimp,shrịmp
homeland,nna nta
rack,rake
costume,ekike
wolf,wulf
courtroom,kooturuum
statute,statitu
cartoon,katuunu
productivity,gbasara maka immeputa ihe ohuru
grin,ochi
symbolic,keodimara
bug,ebe
bless,igozi
aunt,anti
agriculture,oru ugbo
hostile,keiro
conceive,icheputa
combined,ikpokota
instantly,kama
bankruptcy,odida
vaccine,vasin
bonus,daashi
collaboration,mmekota
mixed,gwakọtara
opposed,njide
orbit,orbit
grasp,ighota
patience,ndidi
spite,spote
tropical,tropikal
voting,votu
patrol,patrol
willingness,okwukweeme
revelation,mkpughe
jewelry,goodu
Cuban,Cuban
haul,osisi
concede,ihaputa
wagon,wagon
spectacular,nke nkiri
ruin,ibibi
sheer,kwougbo
immune,keemekutaghi
reliability,ikwenye
ass,inyinya ibu
alongside,n'akuku
bush,ohia
exotic,impoteedi
fascinating,kendo akpari
clip,ikpuume
thigh,apata
bull,ebule
drawer,nsi
sheep,aturu
discourage,iji obi oyi
coordinator,onye nhazi aha
ideological,echicheulo
runner,onye oso
secular,egosiri
intimate,adika
empire,empaya
cab,cab
exam,leeanya
documentary,akwukwo oma
neutral,akwunyereghi nke obula
biology,bayoloji
flexible,kemmeghari ahu
progressive,iganiru
web,eriri ngugurude
conspiracy,njikota onu
casualty,onye nwere asidenti
republic,repoblik
execution,ogbugbu
terrific,kemmenyeujo
whale,wel
functional,onodu
instinct,mmuo
teammate,nwaanyi okokoro nwaanyi
aluminum,aluminom
whoever,onyeobula
ministry,ojekà ozi
verdict,mkpebi
instruct,ikuzi
skull,okpuroisi
self-esteem,Onwe-ya
cooperative,kemmekota
manipulate,igbogbu
bee,anu
practitioner,onye ndoro-ndoro
loop,voodu
edit,idekwa
whip,tie
puzzle,ihe egwuregwu
mushroom,ero
subsidy,enyemaka
boil,igboagbo
tragic,keodachi
mathematics,maasi
mechanic,mekaniiki
jar,jaa
earthquake,ala oma jijiji
pork,anụ ezi
creativity,ekemede
safely,n'udo
underlying,na-eme ihe
dessert,dezaati
sympathy,ebere
fisherman,ogbu azu
incredibly,nke atụ
isolation,nnọpụ iche
sock,soam
eleven,iri na otu
sexy,sexyo
entrepreneur,onye ọchụnta ego
syndrome,sindrom
bureau,rearuu
workplace,ebe oru
ambition,ebumnobi
touchdown,emetụ aka
utilize,ititiiti
breeze,ikuku
costly,kedara onu
ambitious,keebumnobi
Christianity,Uka kraisti
presumably,di nkpa
influential,kenwere ike
translation,ntughari
uncertain,ejighiaka
dissolve,igbari
statistical,staristal
gut,gootu
metropolitan,mepere emepe
rolling,rozagha
aesthetic,amuoma
spell,kpoo
insert,itinye
booth,uloiwu
helmet,helmeeti
waist,ukwu
expected,aturu anya
lion,agu
accomplishment,mmete
royal,nke eze
panic,ụjọ
crush,anu aru
actively,nkengwa oru
cliff,klifu
minimal,keoturu
cord,eriri
fortunately,looku
cocaine,kostiine
illusion,nro
anonymous,amaonye
tolerate,nweendidi
appreciation,ekele
commissioner,komia
flexibility,mgbanwe
instructional,Ntụziaka
scramble,scramble
casino,onye okwu gwo
tumor,tumo
decorate,icho mma
pulse,usu
equivalent,udinha
fixed,ofu
experienced,ahuputara
donation,onyinye
diary,dayari
sibling,nwanne
irony,irony
spoon,ngaji
midst,etiti
alley,uzo warawara
interact,ikwukorita uka
soap,ncha
cute,itunanya
rival,nke ndorodoro
short-term,obere oge
punch,punku
pin,pin
hockey,hocke achicha
passing,ngafe
persist,a dala mba
supplier,obunyeiheahia
known,nke maara
momentum,ngwa ngwa
purse,akpa nta
shed,shed
liquid,kemmiri
icon,imameempi
elephant,enyi
consequently,si Yana
legislature,ndi ome iwu
franchise,okwu oru
correctly,nke oma
mentally,uche
foster,onye oru ugbo
bicycle,igwe
encouraging,gbaa
cheat,igwu wayo
heal,igwo
fever,ahụ ọkụ
filter,iyo
rabbit,oke oyibo
coin,mkpuru ego
exploit,ufufori
accessible,keuzo
organism,okporo
sensation,sensashion
partially,keirecha
upstairs,n'elu steps
dried,kpọnwụrụ
conservation,ndoko
shove,gwuo
backyard,azu ulo
charter,irenti
stove,stovu
consent,ikwenye
comprise,kenduwe
reminder,ncheta
alike,myiri
placement,idobata
dough,mgwakota agwa
grandchild,nwa anya
dam,daam
reportedly,mara
well-known,A maara nke ọma
surrounding,gbaragburugburu
ecological,ike egwu
outfit,epuli
unprecedented,na-enweghị atụ
columnist,Kọsistii Mem
workout,rụpụta
preliminary,nke mbido
patent,patenti
shy,nke isoihere
trash,traash
disabled,orusi
gross,gross
damn,Ụchụ
hormone,homonụ
texture,udidi
pencil,pensul
frontier,n'ihu
spray,spree
disclose,ikwupute
custody,mkporo
banker,onye oru banki
beast,anu ohia
interfere,itinye onu
oak,akpu
eighth,keasato
notebook,akwukwo eji ede ihe
outline,ndeputa
attendance,ogiga
speculation,ntule
uncover,ikpu idekpu
behalf,isi
innovative,otutu
shark,akụm
mill,ifuchapu ihe
installation,echichi
stimulate,ikpalite
tag,mkpano
vertical,vetikal
swimming,iku mmiri
fleet,nsoro
catalog,kataloogu
outsider,eyịpher
desperately,kemmesi anya
stance,akuko oru
sensitivity,uche
someday,otu otu
instant,ozugbonje
debut,mpout
proclaim,kwuputa
worldwide,uwa
hike,ibugo onu ihe
required,achọrọ
confrontation,mbuso agha
colorful,keagwa
constitution,akwukwo iwu
trainer,onyenkuzi nwoke
Thanksgiving,Ekele
scent,senti
stack,stak
eyebrow,nkuanya
sack,nchupu
cease,ikwusi
inherit,ikete oke
tray,tree
pioneer,paionia
organizational,nhazi
textbook,akwukwo omumu
uh,uh
nasty,mkpari
shrink,mekotaonwe
emerging,putara
dot,doto
wheat,wiit
fierce,keegwu
envision,anya
rational,ogbanuche
kingdom,alaeze
aisle,wara wara
weaken,imeda
protocol,promocol
exclusively,onhesionly
vocal,olu
marketplace,ahia
openly,n'oha
unfair,kemmegbu
terrain,teren
deploy,idokwa
risky,nke sirike
pasta,ukochukwu
genre,oji
distract,imesa anya
merit,merit
planner,placener
depressed,mmegide
chunk,mmaji
closest,kacha nso
discount,mmezi
ladder,lada
jungle,nnukwu ohia
migration,mgbokolo
breathing,iku ume
invade,iluso agha
hurricane,horikeenu
retailer,onye na-ere ahia
classify,ikewasi
coup,mkwato ochichi
ambassador,onye nnchite anya
density,keuju
supportive,na-akwado
curiosity,mmasi
skip,ikwu
aggression,mbuso agha
stimulus,mkpali ihe mkpali
journalism,ntaakuko
robot,robot
dip,itinye
likewise,dika
informal,kempunundi
Persian,Petian
feather,nku
sphere,akwa
tighten,ikesiike
boast,itu onu
pat,kutu aka
sole,naanị
publicity,ime ka oha mata
unfold,kemmeghe
well-being,Ọ dị mma
validity,mkwuru
ecosystem,ecosystem
strictly,nke ukwuu
partial,ikpa oke
collar,olu efe
weed,ahihia
compliance,nruweisi
streak,straiaki
supposedly,soposedili
added,itinyeaki
builder,oru ulo
glimpse,vimbose
premise,ndoro ndoro
specialty,mpuruiche
deem,obi
artifact,ihe omumu
sneak,sinik
monkey,enwe
mentor,onye uche
two-thirds,ụzọ abụọ
listener,ogenti
lightning,amuma mmiri
legally,n'iwu
sleeve,iheimechiaka
disappointment,disapointmenti
disturb,isogbu
rib,agaraahu
excessive,kengafe
high-tech,teknụzụ dị elu
debris,mpekere
rod,aro
logical,keuchenso
ash,uyi
socially,oru
parish,pariishi
slavery,inwere ike
blank,oghere
commodity,nnwogha
cure,ogwugwo
mineral,aku egwuputara n'ala
hunger,aguu
dying,inwu
developmental,mmepe
faster,Ọsọ ọsọ
spare,spare
halfway,okara
equality,ohiha
cemetery,alaili
harassment,mmanye egwu
deliberately,mkpacha anya
fame,omuma
regret,mgaramara
striking,igbu
likelihood,ompinye
carrot,karọt
atop,alopu
toll,Ụtụ okporo ụzọ
rim,rim
embarrassed,ihere
fucking,iberibe
cling,ijedesiike
isolated,dịpụrụ adịpụ
blink,itabi anya
suspicious,nke irutuaka
wheelchair,wiilchie
squad,squad
eligible,oruru
processor,onyeihero
plunge,plun
demographic,mmejuputa mmadu
chill,chiri
refuge,ulonzoro
steer,duzie
legislator,onye omebe iwu
rally,ngafu
programming,mmemme
cheer,njaike
outlet,oyugo
intact,kedichim
vendor,vendo
thrive,idolite
peanut,opupa
chew,ita
elaborate,nkwu n'uju
conception,ncheputa
auction,okushon
steak,steak
comply,iruwe isi
triumph,mmeri
shareholder,onyenwereoke
comparable,kentulerita
transport,iga
conscience,mmuo mmadu
calculation,mgbako
considerably,nke ukwu
interval,agbata
scratch,ngarimbo
awake,iteta
jurisdiction,ikike
inevitably,Apụghị ya
feminist,timerinist
constraint,igbochi
emotionally,keihu
expedition,njem
allegedly,mboro ebo
similarity,myiri
butt,busel
lid,mkpuchi
dumb,anaghi ekwu okwu
bulk,nnukwu
sprinkle,fesaa
mortality,onwu
philosophical,ihe omumu ama
conversion,ntughari
patron,onyeozi
municipal,obodo
liver,umeji
harmony,mmagba
solely,naanị
tolerance,ndidi
goat,eghu
blessing,ngozi
banana,unere
palace,uloeze
formerly,nambu
peasant,nwaanyi onyi oru ugbo
neat,idiocha
grandparent,nneika
lawmaker,onye ome iwu
supermarket,ụlọ ahịa
cruise,irughari
mobile,nke mbughari
calendar,kalenda
widow,nwaanyi isimkpe
deposit,ego ntinye
beard,ahu onu
brake,breeki
screening,icheta
impulse,foosu
forbid,iso nso
fur,aji
brutal,keajo
predator,adiaroree
poke,duba
opt,inwebanye
voluntary,keobioma
valid,kebara uru
forum,ichikota
dancing,ogbugbu
happily,ji obi m niile
soar,o mere
removal,mweda
autonomy,nnwere onwe
enact,mado
thread,eri
landmark,ihe nhumaama
unhappy,enweghi anuri
offender,onye mejọrọ
coming,ibia
privately,na nzuzo
fraction,ngaazu
distinctive,pụrụ iche
tourism,njem
threshold,treshhol
routinely,ememe
suite,ozuzu
regulator,ichighara
straw,stroo
theological,goga
exhaust,egzoostu
globe,ikele
fragile,kenkuwa
objection,ijupuisi
chemistry,kemistri
old-fashioned,Egosiputa
crowded,keigwurube
blast,igbuhie
prevail,merie
overnight,n'abali
denial,agugo
rental,mgbazizi
fantastic,kediegwu
fragment,pisiisi
screw,sikruu
warmth,mkpomoku
undergraduate,imaraduate
headache,isi owuwa
policeman,onye uweojii
projection,ntule
suitable,nka dabaranu
graduation,ngucha akwukwo
drill,ikuaku zinwo
cruel,ajoo obi
mansion,ikenjo
grape,greepu
authorize,inye ike
cottage,obi
driveway,uzo
charm,mmasi
sexuality,inwe ihe gbasara nwoke
loyal,keumeala
clay,uri
balloon,ballu
invention,mmewe
ego,ego
fare,ego njem
homework,oru omume
disc,disnku
sofa,sofa
availability,idiadi
radar,igwe na-aza eluigwe
frown,iwe
regain,naputa
sweater,uwenchuoyi
rehabilitation,imezighari
rubber,roba
retreat,ichighaazu
molecule,molekule
freely,na-ejikarị ya
favorable,kemmenyere
steadily,jide
integrated,isonye
ha,ha
youngster,nwaadi
premium,premiom
accountability,kenkowaputa
overwhelm,karịrị akarị
one-third,otu n'ime atọ
contemplate,itule
update,imeto
spark,nwerenwere
ironically,ka njọ
fatigue,ike ogwugwu
speculate,tulee
marker,akara akara
preach,kwuo okwu Chukwu
bucket,bokeeti
blond,koko
confession,osisa
provoke,kpasuo iwe
marble,mabul
substantially,ike
defender,onye mkpezi
explicit,igbasusu
disturbing,na-aguwa
surveillance,ikenkwucha
magnetic,iwe
technician,teknishian
mutter,mutuo
devastating,na-emebi ihe
depart,ipu apu
arrow,aro
trauma,trauma
neighboring,mkwuputa
soak,sook
ribbon,ribon
meantime,oge adighi anya
transmit,imife
harvest,owuweihe ubi
consecutive,kechiri
coordinate,ichikota
spy,onyennyocha nwoke
slot,oghere
riot,ogbaaghara
nutrient,nri
citizenship,akwukwo ebe
severely,nke siri aru
sovereignty,eze
ridge,riiji
brave,keagu
lighting,oku oku
specify,keeputa
contributor,kos
frustrate,idamba
articulate,ikpoputa
importantly,nke mkpa
transit,uzo
dense,kennukwu
seminar,semina
electronics,elektrọniki
sunny,nke anwuochicha
shorts,mkpụmkpụ
swell,zaa
accusation,ebubo
soften,soften
straighten,imekaokwuru
terribly,maka imenyeujo
cue,iche
bride,nwunye
biography,obibi obibi
hazard,odachi
compelling,otigo
seldom,mgbe ufodi
tile,taịlị
economically,akupia
honestly,nke na-eme nke oma
troubled,nke na-esiri ike
twentieth,twontiet
balanced,itule
foreigner,onye obia
convenience,ndirinfe
delight,obi anuri
weave,ikpa
timber,osisi
till,rue
accurately,nke oma
plea,rịpo
bulb,bọlb
flying,ife
sustainable,na-adigide
devil,ekwensu
bolt,bootu
cargo,ibu
spine,spain
seller,oreihe nwaanyi
skilled,nke oma
managing,ijikwa
marine,mmiri
dock,dooku
organized,hamma
fog,foogu
diplomat,diplomaati
boring,ogbugbu
sometime,oge mberede
